key,star,fork,hasdownload,hasissue,haswiki,haspage,openissue,size,testfile,docfile,srcfile,loc,comment,filedepth,filect,dirbranching,dirct

10up--ElasticPress,398,98,1,1,1,0,78,1376,0,0,41,9920,2937,43,46,63,17
1N3--Sn1per,513,192,1,1,1,0,8,740,0,0,10,4618,823,4,13,15,2
320press--wordpress-bootstrap,1406,600,1,1,1,0,87,6604,0,0,388,48105,8105,241,467,522,55
aaronlord--laroute,390,42,1,1,1,0,15,496,0,0,29,899,295,71,33,53,20
abraham--twitteroauth,3255,1525,1,1,0,0,48,992,0,0,24,1018,585,10,28,32,4
adamfisk--LittleProxy,737,346,1,1,1,1,56,4176,0,0,112,15088,3464,119,285,310,25
afragen--github-updater,1316,212,1,1,1,1,17,452,0,0,30,6540,2531,23,35,45,10
akalongman--php-telegram-bot,657,214,1,1,1,0,36,928,0,2,138,7067,5723,60,142,161,19
Alexia--php7mar,418,25,1,1,1,0,8,116,0,0,11,828,544,7,13,16,3
allegro--php-protobuf,439,169,1,1,1,0,11,564,0,0,63,6741,4140,30,87,96,9
AlloVince--EvaThumber,440,170,1,1,0,0,10,640,0,0,38,4334,1144,83,53,76,23
allynbauer--statuspanic,460,114,1,1,1,0,1,412,0,0,33,3330,993,52,37,55,18
amazonwebservices--aws-sdk-for-php,733,272,0,1,0,0,8,4816,0,0,102,18981,21679,49,114,132,18
ampache--ampache,1423,287,1,1,1,0,200,22908,0,0,621,99575,28968,502,878,1024,146
amphp--aerys,546,32,1,1,0,0,7,552,0,0,56,8429,1374,9,58,62,4
amphp--amp,401,28,1,1,0,0,2,148,0,0,25,1386,729,5,26,28,2
Anahkiasen--underscore-php,639,66,1,1,1,1,29,164,0,0,21,1518,1285,13,21,26,5
analogueorm--analogue,391,31,1,1,1,0,25,604,0,0,93,5688,3893,37,97,109,12
anandkunal--ToroPHP,1121,190,1,1,1,1,14,216,0,0,28,1707,467,37,29,40,11
anchorcms--anchor-cms,2820,532,1,1,1,0,36,1512,0,0,234,14356,2518,185,256,306,50
andersao--l5-repository,1060,241,1,1,0,0,65,592,0,0,67,3820,2359,184,82,117,35
andres-montanez--Magallanes,513,140,1,1,0,0,85,772,0,0,101,5721,3342,142,110,145,35
andrew-worsfold--tailor,838,65,1,1,1,1,15,5096,0,0,432,49553,24195,597,458,564,106
andryyy--mailcow,720,121,1,1,1,0,221,19640,0,0,47,9154,250,176,103,151,48
antonioribeiro--firewall,390,46,1,1,1,0,19,208,0,0,29,1316,811,50,33,48,15
antonioribeiro--google2fa,426,58,1,1,1,0,8,112,0,0,15,500,289,23,17,25,8
antonioribeiro--tracker,915,152,1,1,1,0,25,1004,0,0,142,5796,1196,76,150,171,21
ant-vel--antVel,539,172,1,1,1,0,3,46148,0,0,506,52360,9962,477,1173,1285,112
ApiGen--ApiGen,1303,229,1,1,1,0,63,1308,0,0,202,8246,5335,335,209,288,79
api-platform--api-platform,1023,76,1,1,1,0,51,456,0,0,29,1695,362,51,46,65,19
appserver-io--appserver,748,91,1,1,1,1,78,8272,0,0,655,56313,46307,656,687,810,123
appzcoder--crud-generator,429,161,1,1,1,0,1,176,0,0,11,1123,552,16,26,32,6
aramk--crayon-syntax-highlighter,735,162,1,1,1,1,150,6600,0,0,120,20722,1837,458,568,722,154
ARCANEDEV--LogViewer,431,56,1,1,0,0,5,644,0,0,99,3056,2791,150,99,141,42
aristath--kirki,615,157,1,1,1,1,83,3560,0,0,326,45292,9302,338,350,413,63
artdarek--oauth-4-laravel,740,227,1,1,1,0,107,56,0,0,6,460,113,17,7,12,5
artesaos--seotools,441,87,1,1,1,0,14,236,0,0,28,1960,1230,50,29,44,15
asimlqt--php-google-spreadsheet-client,390,136,1,1,1,0,25,340,0,0,52,2704,1313,38,54,64,10
Atlantic18--DoctrineExtensions,1660,863,1,1,1,1,391,2116,0,0,272,16008,9031,662,273,398,125
atoum--atoum,936,143,1,1,1,0,55,5756,0,0,582,80890,138,1656,605,910,305
Audi-1--sqli-labs,763,342,1,1,1,0,2,5660,0,0,111,8230,838,162,566,645,79
austintoddj--canvas,850,142,1,1,0,1,18,2676,0,0,81,2297,1888,116,99,136,37
Automattic--amp-wp,830,147,1,1,1,0,106,1776,0,0,79,5864,771,44,88,105,17
Automattic--developer,428,88,1,1,1,0,16,820,0,0,7,855,110,9,18,22,4
Automattic--facebook-instant-articles-wp,478,117,1,1,1,0,140,1112,0,0,59,6097,1350,33,74,87,13
Automattic--jetpack,579,356,1,1,1,1,873,23948,0,0,964,134753,32463,1034,1257,1501,244
Automattic--WP-Job-Manager,428,196,1,1,0,0,70,1088,0,0,99,11037,2167,52,114,131,17
avalanche123--Imagine,2870,461,1,1,1,0,104,15700,0,0,306,39773,4912,434,385,470,85
aws--aws-sdk-php-laravel,734,106,1,1,0,0,0,80,0,0,13,502,68,6,13,16,3
aws--aws-sdk-php,2205,608,1,1,0,0,11,8524,0,0,512,13022,11713,1451,512,875,363
backdrop--backdrop,584,205,1,0,0,0,109,4,0,0,,,,0,0,0,0
backup-manager--backup-manager,1003,116,1,1,0,0,13,428,0,0,76,1659,596,84,78,105,27
bainternet--Tax-Meta-Class,376,106,1,1,1,1,20,196,0,0,6,1503,958,17,15,21,6
banago--PHPloy,1012,148,1,1,1,0,16,2652,0,0,20,6991,5106,9,20,24,4
barbushin--php-console,866,176,1,1,1,0,30,456,52,0,81,4099,1085,46,82,96,14
barbushin--php-imap,531,213,1,1,1,0,40,56,0,0,5,513,248,5,6,8,2
barryvdh--laravel-cors,970,105,1,1,1,0,63,116,0,0,15,1032,212,15,16,22,6
barryvdh--laravel-debugbar,4044,474,1,1,0,1,170,456,0,0,40,4775,1014,56,42,59,17
barryvdh--laravel-dompdf,1070,190,1,1,1,0,143,52,0,0,6,326,336,4,6,8,2
barryvdh--laravel-ide-helper,3853,438,1,1,0,0,122,136,0,0,13,1592,641,12,13,18,5
barryvdh--laravel-snappy,442,105,1,1,1,0,75,72,0,0,11,539,336,7,12,15,3
barryvdh--laravel-translation-manager,531,120,1,1,1,0,84,128,0,0,16,834,194,20,19,27,8
bartblaze--PHP-backdoors,1242,192,1,1,1,0,0,17928,0,0,182,204262,4814,7,182,185,3
bastianallgeier--gantti,421,138,1,1,1,0,19,76,0,0,8,1260,35,10,9,13,4
bastianallgeier--kirbycms,861,148,1,0,0,0,0,628,0,0,30,7960,4140,65,45,67,22
bcit-ci--CodeIgniter4,508,174,1,1,0,1,37,3768,0,0,271,26007,18397,440,402,513,111
bcit-ci--CodeIgniter,13273,6545,1,1,1,0,78,5140,0,0,252,32357,30435,318,487,564,77
bcosca--fatfree,1936,400,1,1,1,0,40,664,0,0,43,9781,3591,35,49,60,11
BeatSwitch--lock,912,66,1,1,0,0,23,220,0,0,34,1597,993,34,34,46,12
beberlei--assert,938,106,1,1,0,0,19,152,0,0,9,1306,1309,5,9,11,2
beberlei--DoctrineExtensions,686,236,1,1,1,0,11,732,0,0,154,4256,617,56,157,174,17
beberlei--litecqrs-php,427,43,1,1,0,0,15,456,0,0,66,2766,406,114,69,95,26
Bee-Lab--bowerphp,452,39,1,1,0,0,22,220,0,0,31,1916,1084,44,32,44,12
Behat--Behat,1961,420,1,1,0,0,5,2848,0,0,457,17944,17095,1043,458,632,174
benbalter--wordpress-to-jekyll-exporter,683,86,1,1,0,0,17,18256,0,0,2064,169736,96991,3107,2294,2795,501
benedmunds--CodeIgniter-Ion-Auth,1693,818,1,1,1,0,34,528,0,0,47,3972,1310,105,52,89,37
BenExile--Dropbox,553,153,1,1,1,0,14,456,0,0,32,1180,831,20,34,41,7
benkeen--generatedata,1028,376,1,1,0,1,88,13160,0,0,1145,148166,49180,1586,1271,1569,298
bernardphp--bernard,605,60,1,1,0,0,48,344,0,0,63,2298,1239,46,64,80,16
bestmomo--laravel5-example,876,443,1,1,1,0,10,7228,0,0,514,22756,4938,562,603,729,126
bixuehujin--blink,479,68,1,1,1,0,3,548,0,0,97,4963,1617,65,98,120,22
bjankord--Style-Guide-Boilerplate,1636,401,1,1,1,1,1,392,0,29,40,2837,194,27,68,79,11
bobthecow--mustache.php,2400,369,0,1,1,0,17,1068,182,0,139,5957,3023,261,172,229,57
bobthecow--psysh,1574,130,1,1,0,1,62,1064,82,0,165,9243,5408,172,175,215,40
bobthecow--Ruler,706,90,1,1,0,0,11,584,0,0,113,5077,2136,42,115,126,11
bolt--bolt,2994,686,1,1,1,0,144,24416,0,0,1716,112360,31403,1953,2143,2509,366
booksbyus--zguide,1939,1011,1,1,0,0,66,16492,0,0,1276,70041,18599,216,1839,1905,66
BootstrapCMS--CMS,1891,631,1,1,0,0,6,3664,0,0,207,5316,4882,201,234,293,59
borisrepl--boris,2127,117,1,1,1,0,22,148,0,0,25,1204,399,16,26,32,6
bosnadev--repository,425,102,1,1,1,0,32,148,0,0,15,842,651,61,18,33,15
box-project--box2,934,59,1,1,1,1,26,220,0,0,21,1923,563,104,23,41,18
box--spout,769,116,1,1,1,0,10,780,0,0,101,5700,4786,157,102,133,31
BrainBoxLabs--brain-socket,578,89,1,1,1,0,24,72,0,0,14,329,79,7,14,17,3
braincrafted--bootstrap-bundle,402,189,1,1,1,1,35,532,0,0,58,4026,1371,145,70,110,40
brandonsavage--Upload,1243,218,1,1,1,0,27,192,0,0,23,1033,816,24,29,37,8
brandonwamboldt--utilphp,980,125,1,1,1,1,8,216,0,0,9,2788,913,7,10,13,3
briancray--PHP-URL-Shortener,436,159,1,1,1,0,14,36,0,0,6,154,32,0,8,8,0
brianhaveri--Underscore.php,1111,158,1,1,0,1,31,148,9,0,11,2036,298,2,11,12,1
brianium--paratest,399,96,1,1,1,0,30,1936,157,0,142,6788,2163,232,157,210,53
brianlmoon--GearmanManager,623,174,1,1,1,0,27,176,0,0,17,1278,446,24,20,29,9
briannesbitt--Carbon,4884,608,1,1,1,1,102,352,0,0,59,2825,2350,13,60,64,4
brunogaspar--laravel-starter-kit,565,226,1,0,0,0,7,1396,0,0,114,11703,2491,225,144,199,55
bshaffer--oauth2-demo-php,505,220,1,1,1,0,20,288,0,0,42,1934,134,56,47,64,17
bshaffer--oauth2-server-php,1968,630,1,1,1,0,161,944,67,0,117,10144,2212,134,120,153,33
bueltge--WordPress-Admin-Style,534,73,1,1,0,0,3,3888,0,0,44,4143,932,25,59,69,10
CachetHQ--Cachet,5247,619,1,1,0,0,72,6472,0,0,564,34659,11984,643,632,786,154
caffeinated--modules,380,101,1,1,1,0,24,372,0,0,43,1645,1268,131,62,94,32
cakephp--cakephp,6763,3056,1,1,1,1,169,5652,0,0,553,53980,52221,333,590,680,90
cakephp--debug_kit,859,583,1,1,1,0,17,784,0,0,48,3002,1697,159,77,121,44
caouecs--Laravel-lang,1577,695,1,1,1,1,2,1404,0,0,212,6370,3257,166,224,280,56
cartalyst--sentinel,808,99,1,1,1,0,13,440,0,0,67,3296,3588,57,68,87,19
cartalyst--sentry,1647,363,1,0,0,0,3,632,0,0,80,6038,5464,150,82,114,32
cashmusic--platform,507,182,1,1,1,1,76,48204,0,0,6191,434275,169270,4618,6610,7256,646
catfan--Medoo,2185,658,1,1,1,0,208,84,0,0,3,974,20,2,5,6,1
ccampbell--chromephp,1048,320,1,1,1,0,26,24,0,0,3,232,194,0,3,3,0
ccoenraets--backbone-directory,1613,551,1,1,1,0,11,3696,0,0,71,8908,2983,119,215,253,38
certificationy--certificationy,378,64,1,1,0,0,8,88,0,0,14,542,356,7,17,20,3
Chassis--Chassis,396,63,1,1,1,0,28,29348,0,0,1324,308298,131731,916,1648,1818,170
chrisbjr--api-guard,472,111,1,1,1,0,24,184,0,0,20,861,389,53,21,38,17
chrisboulton--php-diff,461,130,1,1,1,0,26,144,0,0,15,1215,676,35,17,27,10
chrisboulton--php-resque,2460,574,1,1,1,0,68,332,14,0,43,3103,945,31,49,60,11
chriskacerguis--codeigniter-restserver,3178,1659,1,1,0,0,9,1240,0,0,52,12652,1846,90,81,106,25
Chumper--Datatable,397,160,1,1,1,1,109,272,0,0,25,2553,670,38,28,39,11
ci-bonfire--Bonfire,1352,546,1,1,1,0,101,15240,0,0,1069,156722,75277,2030,1327,1730,403
Cilex--Cilex,512,74,1,1,1,0,9,140,0,0,15,538,265,39,21,33,12
Circa75--dropplets,1587,238,1,1,1,0,4,8756,0,0,147,14611,4378,136,210,248,38
citelao--Spotify-for-Alfred,450,11,1,1,1,1,7,30152,0,2,82,11674,819,150,172,211,39
claviska--SimpleImage,637,235,1,1,1,0,10,548,0,0,7,1062,576,7,12,15,3
clevertech--YiiBoilerplate,401,186,1,1,1,0,5,3416,0,0,145,11017,2224,498,183,301,118
clickalicious--phpMemAdmin,420,46,1,1,1,0,9,6580,0,0,12,2271,2005,56,54,72,18
clue--graph-composer,452,27,1,1,1,0,11,92,0,0,9,405,15,23,12,19,7
cmgmyr--laravel-messenger,948,219,1,1,1,0,14,168,0,0,25,943,473,50,28,39,11
cobub--razor,722,362,1,1,1,0,16,35444,0,0,952,184874,48611,1596,1338,1625,287
COCOPi--cockpit,1986,234,1,1,1,0,93,5760,0,0,405,45358,10310,546,438,556,118
cocur--slugify,897,115,1,1,1,0,11,428,0,0,63,3529,876,99,65,93,28
Codeception--AspectMock,507,65,1,1,1,0,28,304,0,0,50,2564,701,41,53,66,13
Codeception--Codeception,2443,902,1,1,1,0,236,6132,0,0,749,63107,27677,1071,813,995,182
codeguy--Slim-Extras,505,164,1,1,1,0,29,156,0,0,21,620,1061,22,25,32,7
CodepadME--laravel-tricks,861,264,1,1,0,0,35,2816,0,0,280,24664,5389,372,331,419,88
CoderKungfu--php-queue,541,65,1,1,1,0,7,468,28,0,71,4802,746,70,78,98,20
CodeSleeve--asset-pipeline,520,50,1,1,1,0,54,480,0,0,44,1467,707,150,55,91,36
CodeSleeve--laravel-stapler,448,84,1,1,1,0,19,128,0,0,18,620,496,25,23,32,9
CodeSleeve--stapler,507,117,1,1,1,0,42,396,0,0,55,2737,1990,70,58,77,19
Codiad--Codiad,1813,458,1,1,1,1,92,9096,0,0,308,17886,3795,121,363,401,38
coduo--php-humanizer,1264,106,1,1,0,0,6,536,0,0,91,3160,789,107,93,117,24
commando--dogpatch,379,23,1,1,1,0,0,432,0,0,12,708,120,20,16,22,6
commerceguys--addressing,438,42,1,1,1,0,7,3076,0,0,574,47110,2105,49,575,592,17
composer--composer,8379,2335,1,1,0,0,209,7804,0,45,529,53436,13122,720,638,763,125
composer--installers,609,301,1,1,0,1,44,444,0,0,91,2726,567,23,93,100,7
composer--packagist,795,302,1,1,1,0,67,7160,0,3,148,11918,2843,348,177,246,69
composer--satis,1245,276,1,1,1,0,28,612,0,0,32,2729,1049,32,36,48,12
concrete5--concrete5-legacy,615,374,1,1,0,0,23,55916,0,0,4732,553451,97286,4598,5522,6203,681
consolidation--Robo,1401,176,1,1,1,1,40,1712,0,0,245,14575,8186,185,258,309,51
contao--core,521,244,1,1,0,0,498,19600,0,0,834,146471,42281,1378,1620,1904,284
corcel--corcel,971,147,1,1,1,0,13,1080,0,0,52,3945,984,28,52,62,10
cosenary--Instagram-PHP-API,1093,714,1,1,1,1,102,64,0,0,6,697,385,2,7,8,1
CouscousPHP--Couscous,482,56,1,1,0,1,29,1700,0,0,86,4063,664,115,104,135,31
craue--CraueFormFlowBundle,434,87,1,1,0,0,32,932,0,0,157,6296,2303,125,162,201,39
creolab--laravel-modules,409,95,1,1,1,1,37,104,0,0,17,1012,540,10,19,23,4
Crinsane--LaravelShoppingcart,1010,337,1,1,1,0,19,164,0,0,17,1488,579,20,18,26,8
croogo--croogo,765,308,1,1,1,0,135,6820,0,0,551,44228,14311,1971,803,1273,470
crowdfavorite--wp-post-formats,393,86,1,1,1,0,19,64,0,0,9,500,68,6,10,13,3
csscomb--csscomb,656,56,1,0,0,0,11,2344,0,0,35,7598,679,206,72,115,43
culttt--cribbb,416,111,1,1,1,0,1,704,0,0,88,2094,1479,145,105,150,45
cviebrock--eloquent-sluggable,1310,202,1,1,1,0,3,284,0,0,51,2179,940,25,51,60,9
cweiske--jsonmapper,464,64,1,1,1,0,0,224,0,0,29,1989,827,22,31,39,8
cydrobolt--polr,1104,133,1,1,1,1,45,4084,0,0,116,3970,768,145,138,185,47
danielmiessler--SecLists,3942,1456,1,1,1,0,23,324488,0,0,31,2266,889,121,421,453,32
danielstjules--Stringy,1683,125,1,1,1,1,12,136,0,0,6,1844,805,2,7,8,1
dannyvankooten--AltoRouter,592,135,1,1,0,1,15,20,0,0,3,210,86,0,3,3,0
dannyvankooten--PHP-Router,391,111,1,1,1,0,6,96,0,0,13,680,310,14,15,20,5
danpros--htmly,465,96,1,1,0,0,46,4500,0,0,183,32909,5114,279,259,324,65
Datawalke--Coordino,717,195,1,1,1,0,56,11888,0,0,587,139073,64797,2317,983,1364,381
datawrapper--datawrapper,796,194,1,1,1,0,101,12396,19,0,948,118662,34310,610,1151,1306,155
davedevelopment--phpmig,413,61,1,1,1,0,17,284,0,0,36,2622,1259,84,38,59,21
davejamesmiller--laravel-breadcrumbs,766,112,1,1,0,0,2,304,0,0,36,1151,271,22,52,61,9
davemo--end-to-end-with-angularjs,480,140,1,1,1,0,6,1360,0,0,52,9124,9787,100,70,100,30
davibennun--laravel-push-notification,689,151,1,1,1,0,78,64,0,0,8,271,25,19,9,15,6
davzie--laravel-bootstrap,625,192,1,1,1,0,14,1536,0,0,105,13313,1565,167,119,159,40
daylerees--scientist,589,14,1,1,1,0,4,144,0,0,24,1016,560,16,26,32,6
daylerees--test-driven-development-example,380,51,1,1,1,0,4,114328,0,0,571,44556,28718,23176,13881,17029,3148
daylightstudio--FUEL-CMS,786,369,1,1,0,0,42,14392,0,0,1070,116423,58127,1562,1354,1570,216
ddeboer--data-import,505,130,1,1,1,0,60,776,0,0,118,5964,1843,70,134,157,23
defuse--php-encryption,943,123,1,1,1,0,11,240,0,0,28,2723,769,12,30,35,5
dektrium--yii2-user,628,426,1,1,0,0,47,1204,0,0,128,9692,2969,140,128,178,50
delight-im--FreeGeoDB,1562,134,1,1,0,0,1,687140,0,0,33,1105503,61,22,46,54,8
deployphp--deployer,2929,425,1,1,0,0,111,640,0,0,98,4208,2686,65,100,121,21
DevGroup-ru--dotplant2,458,194,1,1,0,0,68,23316,0,0,1333,271632,27869,2109,1423,1832,409
devinsays--options-framework-plugin,785,306,1,1,1,0,22,416,0,0,22,2044,690,19,56,65,9
devinsays--options-framework-theme,685,218,1,1,1,0,30,184,0,0,16,1771,587,16,22,28,6
DevinVinson--WordPress-Plugin-Boilerplate,3979,1027,1,1,1,1,48,172,0,0,18,224,592,38,24,35,11
devster--ubench,390,54,1,1,1,0,1,36,0,0,4,210,82,4,5,7,2
dimsav--laravel-translatable,898,161,1,1,1,0,19,424,0,0,34,2026,492,25,36,45,9
dingo--api,4764,714,1,1,1,0,109,548,0,0,76,4035,4222,105,77,106,29
dmolsen--Detector,873,91,1,1,1,0,19,2280,0,0,176,12539,2912,609,268,362,94
dmstr--yii2-adminlte-asset,437,193,1,1,0,0,1,204,0,0,21,1779,134,49,22,36,14
docker--labs,1127,204,1,1,1,0,1,121328,0,0,1294,328096,122363,1730,2060,2307,247
docker-php--docker-php,406,108,1,1,0,1,28,1612,0,0,280,24564,7552,43,284,299,15
doctrine--dbal,824,690,1,1,0,0,323,1984,0,0,233,22222,18201,222,235,276,41
doctrine--doctrine2,3282,1608,1,1,1,0,1159,4116,0,0,385,31604,28451,263,450,500,50
doctrine--migrations,396,222,1,1,1,0,21,392,0,0,53,2818,1966,85,54,69,15
doctrine--mongodb-odm,650,377,1,1,1,0,119,4256,0,0,573,39407,14869,483,631,712,81
dodgepudding--wechat-php-sdk,3024,2082,1,1,1,0,119,716,11,0,43,11585,4198,19,43,51,8
Dolibarr--dolibarr,584,522,1,1,0,1,508,4,0,0,,,,0,0,0,0
domnikl--DesignPatternsPHP,11004,2338,1,1,1,0,2,7856,0,0,186,3558,1030,2437,670,1140,470
dompdf--dompdf,3015,722,1,1,1,0,482,10592,0,0,89,21267,10729,54,133,151,18
doubleleft--hook,702,77,1,1,0,1,24,1268,0,0,156,6810,3403,212,177,241,64
dreamfactorysoftware--dreamfactory,492,115,1,1,0,0,31,3888,0,0,169,16489,3333,252,213,279,66
drewm--mailchimp-api,836,258,1,1,1,0,8,48,0,0,5,453,198,2,6,7,1
drewsymo--Foundation,787,218,1,1,1,0,22,656,0,0,28,9303,2146,13,31,37,6
drupal-composer--drupal-project,445,178,1,1,1,0,43,4,0,0,,,,0,0,0,0
drupal--drupal,2404,1208,1,0,0,0,0,4,0,0,,,,0,0,0,0
drush-ops--drush,1488,748,1,1,1,0,447,3448,0,0,311,28727,23680,272,370,434,64
dustin10--VichUploaderBundle,645,236,1,1,0,0,82,544,0,0,93,2454,1181,93,93,129,36
dwightwatson--validating,635,61,1,1,1,0,7,72,0,0,9,582,473,5,10,12,2
easychen--LazyPHP,519,227,1,1,1,0,9,1280,8,0,88,11554,10003,157,95,134,39
easychen--TeamToy,601,260,1,1,1,0,23,2384,0,0,144,18724,3600,255,228,286,58
easydigitaldownloads--easy-digital-downloads,536,337,1,1,1,0,312,10484,0,0,238,53260,21396,144,457,497,40
edusoho--edusoho,398,244,1,1,1,0,6,129412,0,16,9701,1314659,354114,18976,12331,14890,2559
edvinaskrucas--notification,500,66,1,1,1,0,8,188,0,0,21,2105,821,30,23,32,9
elastic--elasticsearch-php,1336,335,1,1,1,0,44,1736,0,0,221,11326,6597,272,257,315,58
elcodi--elcodi,442,89,1,1,0,1,36,10948,0,0,1330,48525,43462,4830,1749,2486,737
electerious--Lychee,3091,383,1,1,0,0,96,1224,0,0,90,7995,1401,57,106,127,21
elementary--website,511,315,1,1,0,0,71,86356,0,0,1420,103276,1356,1742,2257,2698,441
Elgg--Elgg,936,536,1,1,0,0,844,26404,0,0,2455,135442,48432,5050,2850,3787,937
elliotcondon--acf,1243,313,1,1,1,0,300,3632,0,0,67,17658,7578,37,149,162,13
emoncms--emoncms,405,279,1,1,1,0,39,5016,0,0,229,43227,6109,713,344,493,149
emuravjev--mdash,456,53,1,1,1,0,25,908,0,0,36,6327,1490,19,39,48,9
endroid--QrCode,624,135,1,1,1,0,5,6944,0,0,11,1129,456,19,287,294,7
envms--fluentpdo,483,122,1,1,1,1,18,352,0,0,15,1060,558,4,78,80,2
erikdubbelboer--phpRedisAdmin,1283,369,1,1,0,0,3,344,0,0,29,1748,151,8,51,55,4
ErikvdVen--php-gif,851,48,1,1,1,0,0,924,0,0,6,506,152,18,12,18,6
erusev--parsedown,3659,536,1,1,1,0,128,500,110,0,109,1987,133,5,113,115,2
esotalk--esoTalk,1407,267,1,1,0,0,68,2616,0,0,168,28737,12640,158,194,234,40
essence--essence,549,55,1,1,1,1,13,368,0,0,59,3199,1692,77,60,80,20
ethicalhack3r--DVWA,947,325,1,1,1,0,33,6804,0,0,415,52700,10146,605,549,646,97
etrepat--baum,1208,227,1,1,1,1,99,168,0,0,19,1266,1308,36,20,29,9
etsy--411,545,39,1,1,0,0,20,4780,0,0,394,20971,4088,253,469,525,56
etsy--feature,647,46,1,1,1,0,4,180,0,0,17,1702,534,19,18,24,6
etsy--morgue,476,78,1,1,1,0,23,2752,0,0,127,16662,2466,224,173,236,63
etsy--phan,1501,112,1,1,1,1,74,4224,0,0,471,33433,10551,219,751,805,54
everzet--jade.php,460,118,1,1,1,1,19,260,0,0,27,2238,989,68,31,48,17
Exeu--apai-io,421,119,1,1,1,0,3,396,0,0,57,2065,1489,85,65,89,24
eyecatchup--SEOstats,1006,288,1,1,1,1,35,252,0,0,24,2808,1110,22,25,32,7
ezyang--htmlpurifier,829,129,1,1,1,0,15,2816,0,0,287,20551,11920,167,433,475,42
facebookarchive--facebook-php-sdk,3506,3250,1,0,0,0,1,412,0,0,9,2935,831,6,10,13,3
facebookarchive--wordpress,416,203,1,0,0,0,19,1236,0,0,59,8973,6471,54,84,102,18
facebook--php-graph-sdk,1373,731,1,1,1,0,30,532,0,0,68,4544,5226,46,71,83,12
facebook--php-webdriver,1346,421,1,1,1,1,20,620,0,0,110,4320,3963,64,111,130,19
farinspace--wpalchemy,419,124,1,1,1,0,41,172,0,0,17,1765,835,17,19,24,5
feelinglucky--php-readability,430,123,1,1,1,0,6,92,0,0,15,678,213,9,16,20,4
fennb--phirehose,649,167,1,1,1,0,20,140,0,0,17,817,801,4,18,20,2
fex-team--fis-plus,502,159,1,1,1,1,46,1340,150,0,139,16294,8388,45,147,159,12
fex-team--fis,2713,734,1,1,1,0,351,2112,211,0,173,27502,11043,170,190,231,41
fightbulc--moment.php,387,73,1,1,1,0,8,304,0,0,46,4001,867,17,46,52,6
filp--whoops,3574,352,1,1,1,1,6,280,0,0,37,2450,1265,36,37,46,9
Flar49--passionate-programmer-translation,439,79,1,1,1,0,22,796,0,0,53,6648,88,2,53,54,1
florianv--swap,636,35,1,1,1,1,0,48,0,0,7,288,222,5,9,11,2
forkcms--forkcms,935,241,1,1,0,0,39,38208,0,0,2305,275289,53362,5424,3492,4298,806
formers--former,1028,179,1,1,1,1,48,600,0,0,80,8161,3616,57,80,97,17
franzliedke--studio,460,28,1,1,1,0,8,264,0,0,38,1063,112,91,40,64,24
frapi--frapi,656,191,1,1,1,0,59,33784,0,0,2967,442788,217174,4593,3095,3709,614
FreshRSS--FreshRSS,446,91,1,1,0,0,132,4968,0,3,254,46710,11416,354,450,540,90
FriendsOfPHP--Goutte,4592,626,0,1,0,0,69,68,0,0,5,553,49,8,9,12,3
FriendsOfPHP--PHP-CS-Fixer,3718,561,1,1,0,0,120,1680,0,3,250,17849,9674,142,252,292,40
FriendsOfPHP--pickle,884,36,1,1,1,0,23,932,0,0,107,5619,3227,323,130,201,71
FriendsOfPHP--Sami,1317,179,1,1,0,0,32,1052,0,0,91,5973,748,93,100,124,24
FriendsOfPHP--security-advisories,605,80,1,1,0,0,8,1832,0,0,313,4002,6,381,314,455,141
FriendsOfPHP--Sismo,641,85,1,1,1,0,7,532,0,0,55,4152,1382,52,66,81,15
FriendsOfPHP--uprofiler,378,45,1,1,1,0,3,500,0,0,22,6613,2390,27,39,49,10
FriendsOfSymfony--FOSElasticaBundle,657,471,1,1,0,0,151,1220,0,0,183,10554,3078,174,188,248,60
FriendsOfSymfony--FOSJsRoutingBundle,766,166,1,1,0,0,26,328,0,0,36,2032,546,73,42,68,26
FriendsOfSymfony--FOSOAuthServerBundle,579,234,1,1,0,0,126,864,0,0,147,4664,1793,155,150,201,51
FriendsOfSymfony--FOSRestBundle,1418,565,1,1,1,0,79,1896,0,0,273,12563,5930,303,298,381,83
Froxlor--Froxlor,630,231,1,0,0,0,17,7172,0,0,362,75110,13829,555,688,819,131
FrozenNode--Laravel-Administrator,1841,556,1,1,1,0,141,17492,0,0,2479,39277,9081,1964,2783,3109,326
Frug--AJAX-Chat,380,236,1,1,1,1,55,3760,0,0,140,19939,2096,58,208,225,17
fruux--Baikal,1329,202,1,1,1,0,41,1940,0,0,140,17100,3435,396,156,232,76
fruux--sabre-dav,690,194,1,1,0,0,43,3948,0,0,505,41444,19423,452,518,617,99
fuel--core,744,314,1,1,1,0,21,4,0,0,,,,0,0,0,0
fuel--fuel,1412,277,1,0,1,0,0,4,0,0,,,,0,0,0,0
fuzzdb-project--fuzzdb,804,215,0,1,1,0,14,16244,0,0,93,13167,2072,275,365,448,83
fxpio--composer-asset-plugin,638,114,1,1,0,0,34,956,0,0,105,9710,4736,93,108,140,32
fzaninotto--Faker,9570,1487,1,1,0,0,70,9732,135,0,516,80291,8666,619,518,645,127
gabordemooij--redbean,1602,223,1,1,0,0,8,1444,0,0,152,20326,11233,82,158,183,25
gabrielrcouto--php-gui,1508,132,1,1,1,1,13,83312,0,0,29,1212,1301,44,76,89,13
gabrielrcouto--php-terminal-gameboy-emulator,1127,82,1,1,1,0,7,732,0,0,18,5677,3516,7,20,23,3
gajus--xhprof.io,418,105,1,1,1,0,37,644,0,0,40,11683,498,26,42,52,10
gantry--gantry5,456,96,1,1,1,0,138,27748,0,0,1364,156975,36175,3445,1669,2266,597
GaretJax--phpbrowscap,404,84,1,1,1,0,31,388,0,0,7,1294,436,13,12,17,5
genemu--GenemuFormBundle,586,244,1,1,0,0,129,1752,0,0,162,7800,2122,305,186,267,81
geocoder-php--Geocoder,2805,361,1,1,0,1,40,400,0,0,63,4099,1813,34,64,74,10
getgrav--grav,5374,453,1,1,0,0,69,5220,0,0,273,59668,21835,733,322,447,125
getherbert--herbert,557,84,1,1,1,0,78,4,0,0,,,,0,0,0,0
getsentry--sentry-php,453,182,1,1,0,0,50,484,0,0,21,1904,541,15,26,31,5
gharlan--alfred-github-workflow,840,44,1,1,0,0,10,416,0,0,10,1425,20,4,44,46,2
ghedipunk--PHP-Websockets,494,247,1,1,1,1,19,48,0,0,5,641,46,0,6,6,0
gherkins--regexpbuilderphp,787,42,1,1,1,0,2,80,0,0,7,1550,120,4,8,10,2
giggsey--libphonenumber-for-php,1580,163,1,1,1,1,0,18768,0,0,1028,497304,9908,288,1032,1084,52
gimler--symfony-rest-edition,516,124,1,1,0,0,16,4,0,0,,,,0,0,0,0
giorgiosironi--phpunit-selenium,485,260,0,1,0,0,95,840,0,0,135,5015,4732,89,142,166,24
gliderlabs--herokuish,424,52,1,1,1,0,6,3724,0,0,209,26298,19875,762,344,472,128
goaop--framework,866,88,1,1,0,0,9,1156,0,0,192,7872,5945,135,198,234,36
goodby--csv,670,103,1,1,0,0,28,396,0,0,47,2008,552,236,59,95,36
google--google-api-php-client,3934,2006,1,1,1,0,156,576,0,0,69,6811,2473,70,72,93,21
googleinurl--SCANNER-INURLBR,487,248,1,1,1,0,5,240,0,0,2,2769,695,0,2,2,0
google--recaptcha,1186,410,0,1,0,0,54,132,0,0,20,753,686,20,22,29,7
google--recki-ct,549,40,0,1,0,0,6,1488,91,13,159,9580,5328,220,167,217,50
GrahamCampbell--Laravel-Markdown,421,52,1,1,0,0,3,60,0,0,7,254,308,13,8,13,5
graulund--tweetnest,477,79,1,1,1,0,19,464,0,0,34,4411,1022,20,51,59,8
greggilbert--recaptcha,447,105,1,1,1,0,15,92,0,0,12,392,135,24,18,27,9
Gregwar--Captcha,423,97,1,1,0,0,5,1204,0,0,13,677,290,4,20,22,2
Gregwar--Image,491,105,1,1,1,0,48,2584,0,9,37,2145,1154,23,56,66,10
GSA--data.gov,805,222,1,1,1,1,161,3520,0,0,214,28378,3508,64,368,384,16
guzzle--guzzle,7867,1235,1,1,0,0,69,424,0,0,40,5480,1665,17,41,48,7
hassankhan--config,431,68,1,1,1,0,14,104,0,0,20,537,370,8,20,23,3
hechoendrupal--DrupalConsole,512,380,1,1,0,0,263,2984,0,0,472,32808,7371,433,478,579,101
helloqingfeng--Awsome-Front-End-learning-resource,1551,432,1,1,1,1,2,94940,0,0,527,115600,36875,608,1112,1261,149
Herzult--SimplePHPEasyPlus,965,50,1,1,1,0,27,364,0,0,50,757,155,83,54,77,23
Hifone--Hifone,545,101,1,1,1,0,17,4772,0,0,415,18619,6257,641,452,612,160
hightman--scws,809,235,1,1,1,0,11,13760,0,0,93,14995,2293,67,133,154,21
hightman--xunsearch,668,240,1,1,1,0,7,2148,0,0,80,26723,5385,59,106,122,16
hippyvm--hippyvm,857,58,1,1,1,0,20,45592,0,0,391,125696,10056,563,8216,8333,117
hirak--prestissimo,2169,62,1,1,1,0,8,216,0,0,24,1620,196,7,30,33,3
hjue--JustWriting,489,95,1,1,1,1,7,10024,0,0,529,66891,29533,384,668,763,95
hlashbrooke--WordPress-Plugin-Template,402,146,1,1,1,0,17,180,0,0,16,993,428,15,26,32,6
hmlb--phpunit-vw,1598,41,1,1,1,0,9,64,0,0,7,332,88,21,8,14,6
hprose--hprose-php,521,148,1,1,1,0,0,928,0,0,152,8106,1059,108,154,180,26
humanmade--Custom-Meta-Boxes,438,122,1,1,1,0,69,972,0,0,96,9001,1838,37,125,138,13
humhub--humhub,3594,1032,1,1,1,0,495,58976,0,0,6902,111703,58204,6229,11270,12221,951
hwi--HWIOAuthBundle,1294,550,1,1,0,0,214,1560,0,0,276,12815,4366,171,278,329,51
hybridauth--hybridauth,2273,898,1,1,1,1,114,1536,0,0,110,11736,7866,498,113,250,137
hzlzh--Alfred-Workflows,652,73,1,1,1,0,6,1844,0,0,16,649,174,32,95,109,14
iamcal--oembed,548,189,1,1,1,0,21,3816,0,0,123,2038,23,4,129,131,2
iamcal--php-emoji,816,201,1,1,1,0,8,8352,2,0,16,23731,84,11,18,23,5
icicleio--icicle,922,34,1,1,0,0,1,584,0,0,100,4223,3178,68,101,119,18
idno--Known,580,135,1,1,1,0,161,54208,0,0,3368,239652,64735,14472,4033,5899,1866
igorw--evenement,494,51,1,1,0,0,11,92,0,4,12,515,48,16,14,20,6
igorw--retry,447,27,1,1,1,0,5,68,0,0,5,123,0,4,8,10,2
iliaal--php_excel,449,85,1,1,1,0,7,776,0,0,8,5876,2164,4,104,106,2
illuminate--database,870,249,1,0,0,0,17,1000,0,0,97,11002,11630,41,101,117,16
ilya-dev--belt,707,66,1,1,1,0,2,124,0,0,15,1203,483,10,17,21,4
Imangazaliev--DiDOM,784,75,1,1,1,0,0,216,0,0,17,3259,832,13,18,23,5
immobiliare--ApnsPHP,1140,408,1,1,0,1,59,592,0,0,27,1482,1263,40,43,57,14
impresspages--ImpressPages,428,140,1,1,1,0,110,16012,0,0,1011,140447,31018,1867,1223,1531,308
Indatus--dispatcher,971,68,1,1,1,0,9,436,0,0,49,2570,985,62,55,71,16
indieteq--indieteq-php-my-sql-pdo-database-class,464,272,1,1,1,0,23,72,0,0,10,640,223,4,11,13,2
InfyOmLabs--laravel-generator,1033,213,1,1,1,0,80,556,0,0,54,3469,781,108,86,118,32
intaro--pinboard,399,72,1,1,1,1,13,1076,0,0,60,6655,425,57,75,92,17
interconnectit--Search-Replace-DB,2017,428,1,1,1,0,68,392,0,0,11,4775,848,2,11,12,1
Intervention--image,4253,583,1,1,1,0,98,632,0,0,127,4202,2743,66,128,142,14
InvoicePlane--InvoicePlane,660,263,1,0,0,0,43,9100,0,0,628,66629,24251,980,739,954,215
ipfspics--ipfspics-server,725,45,1,1,1,0,23,184,0,0,17,1440,206,17,22,29,7
irazasyed--telegram-bot-sdk,576,143,1,1,1,1,7,488,0,0,78,3605,3511,51,79,95,16
ircmaxell--password_compat,1783,351,1,1,1,0,13,40,0,0,5,244,90,2,5,6,1
ircmaxell--PHPPHP,608,51,1,1,1,0,3,1164,0,0,156,8027,31,72,157,173,16
ircmaxell--RandomLib,539,83,1,1,1,0,14,260,28,0,42,1659,1846,46,44,57,13
isohuntto--openbay,3687,1054,1,1,1,0,93,8576,0,0,257,9483,1318,925,388,583,195
itsgoingd--clockwork,956,63,1,1,1,0,13,1352,0,0,62,4105,930,128,72,99,27
ivanakimov--hashids.php,1489,136,1,1,1,0,0,40,0,0,5,274,201,2,6,7,1
iwind--rockmongo,683,281,1,1,1,0,72,1536,0,0,107,14856,4071,150,155,195,40
j4mie--idiorm,1795,348,1,1,1,0,11,220,0,0,7,1627,1134,2,16,17,1
j4mie--paris,943,140,1,1,1,0,6,136,0,0,6,585,545,2,19,20,1
J7mbo--twitter-api-php,1345,664,1,1,1,0,11,72,3,0,7,531,241,2,8,9,1
jacwright--RestServer,383,151,1,1,1,0,15,72,0,0,7,658,138,11,8,12,4
jadell--neo4jphp,528,140,1,1,1,1,38,824,0,0,132,11267,3240,113,133,157,24
jadjoubran--laravel5-angular-material-starter,1415,356,1,1,1,0,12,1384,0,0,134,3083,1436,234,174,240,66
jamierumbelow--codeigniter-base-model,925,476,1,1,1,0,110,160,0,0,16,1780,361,11,17,21,4
jarektkaczyk--eloquence,501,59,1,1,1,0,19,436,0,0,61,4234,2305,42,62,76,14
jasny--sso,411,150,1,1,1,0,1,312,0,0,33,1447,2895,38,36,49,13
javiereguiluz--EasyAdminBundle,1269,241,1,1,0,0,83,5432,0,0,185,11387,2319,122,260,298,38
jaysalvat--image2css,474,83,1,1,1,0,0,160,0,0,6,302,17,7,7,10,3
jaz303--phake,383,36,1,1,1,0,16,160,0,0,26,988,114,14,30,36,6
jbroadway--urlify,494,66,1,1,1,0,1,68,0,0,9,381,79,4,11,13,2
JBZoo--Utils,554,43,1,1,0,0,0,448,0,0,45,6548,2943,7,49,52,3
jeckman--YouTube-Downloader,382,269,1,1,1,0,13,320,0,0,11,6665,229,2,12,13,1
JeffreyWay--Laravel-4-Generators,3102,721,1,1,1,0,66,372,0,0,41,2096,820,85,62,83,21
jekkos--opensourcepos,389,334,1,1,1,1,110,37624,6,0,1649,232457,58914,1604,2376,2649,273
jenssegers--agent,1164,132,1,1,1,0,14,44,0,0,5,392,141,5,6,8,2
jenssegers--date,658,152,1,1,1,0,26,268,0,0,58,2328,660,5,60,62,2
jenssegers--imagehash,547,51,1,1,1,0,4,44,0,0,7,318,112,5,7,9,2
jenssegers--laravel-mongodb,2109,518,1,1,1,0,345,272,0,0,30,2904,1720,45,31,41,10
jenssegers--optimus,509,17,1,1,1,0,8,2824,0,0,8,281,95,10,9,13,4
jeremeamia--super_closure,556,55,1,1,0,0,4,104,0,0,16,664,395,12,16,20,4
jeremyclark13--automatic-theme-plugin-update,401,105,1,1,1,0,16,64,0,0,6,287,90,12,10,15,5
jeremykendall--php-domain-parser,392,53,1,1,0,0,74,688,0,0,26,25383,797,56,31,46,15
jmathai--epiphany,682,150,0,1,1,0,36,348,0,0,43,1714,325,55,65,83,18
jmathai--twitter-async,565,149,0,1,1,0,50,1484,0,0,20,5974,387,5,31,33,2
jobbyphp--jobby,497,84,1,1,1,0,9,152,0,0,22,1534,458,11,23,28,5
jockchou--gitblog,435,180,1,1,1,0,3,8308,0,0,507,62509,32038,552,585,704,119
johnbillion--query-monitor,505,62,1,1,1,0,38,916,0,0,79,7067,1318,31,90,103,13
johnlui--Learn-Laravel-5,1592,311,1,1,1,0,6,1216,0,0,151,13357,2635,170,168,217,49
JohnTroony--php-webshells,703,253,1,1,1,0,0,2900,0,0,121,54026,2493,7,134,137,3
jolicode--JoliCi,584,36,1,1,0,0,16,728,0,0,54,1917,658,141,62,92,30
jolicode--JoliNotif,624,43,1,1,0,0,3,1232,0,7,45,1771,707,37,53,67,14
jonnnnyw--php-phantomjs,544,129,1,1,1,1,35,708,0,0,79,4592,5119,143,101,127,26
joomla--joomla-cms,2174,2326,1,1,1,0,560,65056,0,0,5283,631352,252394,10895,6351,8363,2012
joomla--joomla-platform,606,354,1,1,1,1,0,13972,0,0,1039,171229,104320,1908,1194,1537,343
josegonzalez--cakephp-upload,482,235,1,1,0,0,5,364,0,0,35,2068,592,114,44,73,29
JosephLenton--PHP-Error,1378,170,1,1,1,0,43,744,0,0,11,3349,1039,4,11,13,2
joshcam--PHP-MySQLi-Database-Class,1382,707,1,1,1,0,52,140,0,0,5,2501,1145,0,6,6,0
jpfuentes2--php-activerecord,1200,374,0,1,0,0,195,832,89,0,103,10507,3248,43,123,137,14
jquery--testswarm,990,162,1,1,1,0,29,1400,0,0,82,20205,3225,43,118,134,16
jublonet--codebird-php,622,207,1,1,1,0,15,540,16,0,21,3663,1417,4,26,28,2
justinrainbow--json-schema,765,210,1,1,1,1,19,284,0,0,45,2157,1072,39,47,58,11
justintadlock--hybrid-core,507,134,1,1,1,0,2,556,0,0,64,4963,5094,12,64,70,6
justinwalsh--daux.io,4268,552,1,1,1,0,21,3000,0,0,161,9652,1403,171,174,223,49
jwage--purl,614,69,1,1,1,0,12,388,0,0,21,19622,492,28,24,33,9
kahlan--kahlan,555,45,1,1,1,0,0,2352,0,0,249,20953,5421,315,283,358,75
kakserpom--phpdaemon,1352,236,1,1,1,0,12,2052,0,0,244,25971,12214,228,260,326,66
kalcaddle--KODExplorer,840,465,1,1,1,0,27,23940,0,0,471,52281,3840,554,836,952,116
kanboard--kanboard,2167,666,1,1,0,0,599,14864,0,505,1018,71950,29181,695,1566,1753,187
kartik-v--yii2-widgets,379,142,1,1,1,0,28,148,0,0,29,854,413,0,29,29,0
kasperisager--php-dockerized,760,226,1,1,0,0,1,72,0,0,5,85,4,11,12,17,5
katzgrau--KLogger,714,253,1,1,1,0,7,48,0,0,4,283,146,7,6,9,3
kbjr--Git.php,491,174,1,1,0,1,18,72,2,0,4,415,376,2,5,6,1
klein--klein.php,1915,217,1,1,1,1,57,560,0,0,60,7887,3747,42,62,73,11
KnpLabs--DoctrineBehaviors,441,128,1,1,1,0,95,640,0,2,89,4968,1874,178,92,137,45
KnpLabs--Gaufrette,1743,304,1,1,0,1,99,1632,0,40,132,9489,3124,104,153,180,27
KnpLabs--KnpMenuBundle,517,191,1,1,0,0,14,352,0,0,44,1837,258,68,54,77,23
KnpLabs--KnpMenu,425,169,1,1,1,0,26,564,0,6,69,4568,1277,174,75,109,34
KnpLabs--KnpPaginatorBundle,610,218,1,1,0,0,114,236,0,0,29,1513,326,50,33,52,19
KnpLabs--KnpSnappyBundle,522,89,1,1,0,0,36,132,0,0,17,673,65,24,21,30,9
KnpLabs--php-github-api,940,343,1,1,0,0,32,468,0,0,83,3277,2923,72,84,100,16
KnpLabs--snappy,2047,275,1,1,0,0,38,152,7,2,13,1583,351,25,15,23,8
kodeine--laravel-acl,473,112,1,1,1,0,40,132,0,0,17,914,557,41,19,29,10
kohana--core,681,337,0,1,0,0,35,4,0,0,,,,0,0,0,0
kohana--kohana,1607,441,0,1,1,0,17,4,0,0,,,,0,0,0,0
kolber--stacey,1051,151,1,1,1,0,55,2484,0,0,220,12575,7359,250,281,343,62
komarserjio--notejam,1155,122,1,1,1,1,15,7500,0,0,744,25585,8591,2100,1075,1448,373
K-Phoen--rulerz,388,24,1,1,0,0,8,420,0,0,71,2116,1120,104,72,101,29
kraken-php--framework,688,45,1,1,0,0,22,6608,653,0,941,62919,26346,1760,961,1313,352
krakjoe--apcu,536,80,1,1,0,0,14,952,0,0,53,7689,2621,15,102,108,6
kristijanhusak--laravel-form-builder,515,100,1,1,1,1,27,480,0,0,62,5828,1853,49,65,78,13
kriswallsmith--assetic,3363,546,1,1,0,0,286,628,0,0,114,6491,2747,73,116,133,17
kriswallsmith--Buzz,1281,201,0,1,0,0,74,444,35,0,66,3691,972,86,71,92,21
kriswallsmith--spork,570,47,1,1,1,0,24,236,0,0,38,1727,560,60,40,55,15
K-S-V--Scripts,501,217,1,1,1,0,17,248,0,0,12,4153,279,0,14,14,0
ktamas77--firebase-php,418,136,1,1,0,0,13,64,0,0,9,567,260,4,9,11,2
Kunena--Kunena-Forum,494,337,1,1,1,0,109,4,0,0,,,,0,0,0,0
laracasts--flash,819,176,1,1,1,0,16,72,0,0,12,363,109,14,13,18,5
laracasts--Integrated,424,73,1,1,1,0,43,156,0,0,21,1117,1066,21,22,29,7
laracasts--Laravel-5-Generators-Extended,1260,215,1,1,1,0,66,152,0,0,14,826,413,16,21,27,6
laracasts--PHP-Vars-To-Js-Transformer,1068,127,1,1,1,0,27,80,0,0,10,433,168,19,11,17,6
laracasts--Presenter,404,65,1,1,1,0,23,72,0,0,8,157,31,28,9,17,8
laracasts--TestDummy,391,75,1,1,1,1,19,176,0,0,28,1037,439,29,29,38,9
laravel-ardent--ardent,1181,208,1,1,0,1,114,140,0,0,12,978,508,26,13,21,8
laravel-auto-presenter--laravel-auto-presenter,496,45,1,1,0,0,0,76,0,0,13,357,425,11,14,18,4
laravel--cashier,990,252,1,1,0,0,62,112,0,0,13,1118,768,14,14,19,5
LaravelCollective--html,745,228,1,1,1,0,68,100,0,0,11,893,1036,5,12,14,2
laravel--envoy,827,104,1,0,0,0,6,144,0,0,24,1331,875,7,25,28,3
laravel--framework,6157,3674,1,1,0,0,74,4876,0,0,662,41836,41786,773,700,852,152
laravelio--laravel.io,872,274,1,1,1,0,13,3724,0,0,439,35221,6513,338,470,560,90
laravel--laravel,26951,8897,1,0,0,0,27,864,0,0,60,1184,1217,120,75,113,38
laravel--lumen-framework,520,190,1,1,0,0,37,332,0,0,33,3061,1924,51,35,53,18
laravel--lumen,4229,505,1,0,0,0,0,236,0,0,26,335,283,78,34,61,27
laravel--socialite,1520,390,1,0,0,0,0,132,0,0,24,918,667,16,25,31,6
laravel--valet,551,149,1,1,0,0,40,28660,0,0,39,1706,1338,22,46,54,8
lastguest--pixeler,424,15,1,1,1,0,0,52,0,0,8,434,58,7,8,11,3
lavary--crunz,626,50,1,1,1,0,22,228,0,0,33,2364,1400,23,33,41,8
lavary--laravel-menu,442,132,1,1,1,1,42,144,0,0,14,1825,623,28,14,21,7
lazychaser--laravel-nestedset,694,87,1,1,1,0,21,188,0,0,16,2012,1060,10,21,25,4
lcobucci--jwt,904,113,1,1,1,0,20,500,54,0,71,3518,3606,59,83,99,16
leafo--lessphp,2147,488,1,1,1,0,251,572,0,0,86,7290,930,25,90,98,8
leafo--scssphp,882,175,1,1,1,1,29,360,0,0,28,6071,2377,19,28,35,7
leemason--NHP-Theme-Options-Framework,524,99,1,0,1,1,70,2032,0,0,58,3118,1129,206,420,473,53
lexik--LexikJWTAuthenticationBundle,525,107,1,1,1,0,2,756,0,0,107,4757,1620,179,111,164,53
librenms--librenms,525,368,1,1,0,0,293,197392,0,93,5533,705975,122183,7376,10356,11483,1127
liip--LiipImagineBundle,610,256,1,1,1,0,78,7492,0,0,162,11575,3576,291,204,284,80
LimeSurvey--LimeSurvey,493,376,1,0,0,0,33,208944,0,0,4987,1409747,193078,7031,8032,9373,1341
lincanbin--Carbon-Forum,969,286,1,1,1,0,44,18428,0,0,340,44665,6520,412,1220,1316,96
LinkedDestiny--swoole-doc,764,423,1,1,1,0,10,1896,0,17,187,12772,1194,632,245,356,111
LiveHelperChat--livehelperchat,733,297,1,1,1,0,106,38032,0,0,2497,438500,110840,3383,3158,3739,581
livestreet--livestreet,376,144,1,1,1,0,83,11832,0,0,426,62675,23946,2442,966,1354,388
lixuancn--LaneWeChat,1061,529,1,1,1,0,0,300,0,0,35,2478,1576,5,38,40,2
lstrojny--functional-php,787,98,1,1,0,0,6,704,0,0,144,5860,3506,24,145,153,8
lucadegasperi--oauth2-server-laravel,2103,484,1,0,0,0,8,212,0,0,34,1359,1296,24,36,45,9
lucb1e--cookielesscookies,961,149,1,1,1,0,0,68,0,0,4,200,8,2,7,8,1
lufficc--Xblog,392,69,1,1,1,1,1,8128,0,0,235,13248,10310,261,263,338,75
luofei614--SocketLog,654,209,1,1,1,0,10,1220,0,0,32,2295,388,44,48,60,12
Lusitanian--PHPoAuthLib,931,387,1,1,1,0,136,628,0,0,99,6177,2746,114,102,125,23
lyrixx--Silex-Kitchen-Edition,637,160,1,1,0,0,2,480,0,0,29,806,28,51,43,61,18
Maatwebsite--Laravel-Excel,2617,508,1,1,0,0,164,4,0,0,,,,0,0,0,0
magento--magento2,3846,2724,1,1,1,0,1596,4,0,0,,,,0,0,0,0
mageplus--mageplus,408,98,1,1,1,0,108,122884,0,0,9376,1051511,580979,37398,11930,16362,4432
mailgun--mailgun-php,458,139,1,1,1,1,33,348,0,0,56,2417,1725,64,57,72,15
maknz--slack,689,87,1,1,1,0,11,120,0,0,14,1830,916,4,15,17,2
manifestinteractive--easyapns,706,246,1,1,1,0,21,304,0,20,24,3627,884,31,26,36,10
mantisbt--mantisbt,648,361,1,0,0,0,68,16808,0,9,571,128517,37204,180,891,948,57
marcoarment--secondcrack,844,63,1,1,1,0,15,328,0,0,16,3830,1186,14,23,29,6
markjaquith--WordPress-Skeleton,1537,593,1,1,1,0,43,48,0,0,6,66,45,13,11,16,5
markjaquith--WP-Stack,1119,129,1,1,1,1,18,88,0,0,14,299,86,9,16,20,4
markomarkovic--simple-php-git-deploy,786,229,1,1,0,0,11,32,0,0,3,299,259,0,4,4,0
markrogoyski--math-php,542,34,1,1,1,0,14,2024,0,0,220,28060,11881,151,221,262,41
Mashape--unirest-php,862,227,1,1,1,0,7,136,0,0,13,1251,268,17,15,21,6
masterexploder--PHPThumb,918,241,1,1,1,0,62,1052,0,0,19,1223,811,19,25,32,7
Masterminds--html5-php,383,55,1,1,1,1,11,556,21,0,46,10077,2022,23,50,58,8
mattbanks--WordPress-Starter-Theme,605,208,1,1,1,0,2,476,0,0,60,4327,2082,36,66,78,12
matthiasmullie--minify,446,76,1,1,1,1,13,160,0,0,11,795,792,12,18,23,5
mattpass--ICEcoder,846,225,1,1,1,0,82,1928,3,0,146,16799,2096,45,168,185,17
mattstauffer--Torch,535,64,1,1,1,0,4,888,0,0,57,1419,378,175,84,130,46
mauricesvay--php-facedetection,555,189,1,1,1,0,7,832,0,0,5,288,43,2,8,9,1
mautic--mautic,1114,394,1,1,0,0,549,41800,0,0,2443,351941,95980,5486,2987,3966,979
maximebf--php-debugbar,1532,207,1,1,1,1,59,1640,0,0,63,5555,2671,114,70,92,22
maxmind--GeoIP2-php,628,112,1,1,1,1,2,212,0,0,33,1100,905,22,34,42,8
mcamara--laravel-localization,1078,176,1,1,1,0,58,224,0,0,19,1682,716,40,21,32,11
mdkholy--dashbrew,541,49,1,0,0,0,26,2404,0,0,102,4584,806,338,130,199,69
mdmsoft--yii2-admin,510,319,1,1,1,0,100,760,0,0,107,7441,2074,100,109,145,36
meenie--munee,816,90,1,1,1,1,16,240,0,0,31,1604,1173,62,35,51,16
MenaraSolutions--geographer,507,37,1,1,1,0,0,636,0,0,46,2767,1128,50,51,67,16
mevdschee--php-crud-api,513,205,1,1,1,0,10,280,0,0,21,4565,227,10,24,29,5
mewebstudio--captcha,571,157,1,1,1,0,15,1368,0,0,14,580,234,24,36,45,9
mewebstudio--Purifier,409,46,1,1,1,0,13,44,0,0,6,197,103,7,7,10,3
mgp25--Chat-API,2746,1364,1,1,1,0,1,2472,0,0,133,22065,3875,130,149,184,35
mgp25--Instagram-API,652,298,1,1,1,0,1,916,0,0,110,3582,1167,25,116,124,8
mhoofman--wordpress-heroku,1045,479,1,1,1,0,42,39624,0,0,2420,477542,138573,3125,2738,3171,433
michelf--php-markdown,2286,443,0,1,1,0,77,88,0,0,,,,0,3,3,0
microweber--microweber,451,187,1,1,1,0,40,35736,0,0,1249,267096,32967,1820,1904,2243,339
mikecao--flight,1544,273,1,1,1,0,19,236,0,0,34,2454,1192,26,36,45,9
mikehaertl--phpwkhtmltopdf,720,150,1,1,1,1,4,96,0,0,9,1194,282,7,11,14,3
mikelbring--tinyissue,814,236,1,1,1,1,92,7264,0,0,661,62307,36929,1224,776,975,199
mikey179--vfsStream,693,75,1,1,1,0,10,652,0,0,63,6782,4639,131,71,94,23
MiniCodeMonkey--Vagrant-LAMP-Stack,439,188,1,1,1,0,12,72,0,0,8,315,43,20,11,17,6
miniflux--miniflux,593,103,1,1,0,0,81,3144,0,0,499,24117,9290,397,528,614,86
minkphp--Mink,750,205,1,1,0,0,57,244,0,0,30,2189,2335,18,31,37,6
MISP--MISP,763,196,1,1,1,0,451,4,0,0,,,,0,0,0,0
mitulgolakiya--laravel-api-generator,651,152,1,1,1,0,44,348,0,0,32,1830,414,85,55,78,23
mjaschen--phpgeo,697,114,1,1,1,0,3,692,0,0,60,3233,1537,112,64,92,28
mledoze--countries,2725,521,1,1,0,1,18,16836,0,0,270,14098,168,22,527,534,7
mlively--Phake,388,54,1,1,1,1,17,2004,0,0,190,14992,10380,150,226,264,38
modxcms--revolution,792,421,0,1,0,0,909,40312,0,0,3190,373763,84938,2963,4441,4949,508
moneyphp--money,1066,152,1,1,0,0,3,372,0,22,41,3489,1207,30,58,69,11
mongodb--mongo-php-driver-legacy,1095,366,1,0,0,0,1,8832,0,0,141,22126,6099,93,973,1005,32
monstra-cms--monstra,417,131,1,1,1,0,69,8096,0,0,818,78456,12280,1423,940,1228,288
moodle--moodle,1564,2508,1,0,0,0,0,206000,0,0,11785,1799335,900103,27847,15953,21070,5117
morrisonlevi--Ardent,561,52,1,1,0,0,10,376,28,0,72,3606,1325,22,73,80,7
movim--movim,392,66,1,1,1,0,35,15348,0,0,301,24822,2410,461,2453,2570,117
mpdf--mpdf,420,158,1,1,1,0,94,104728,0,0,110,69214,7547,25,601,613,12
mpociot--laravel-apidoc-generator,567,55,1,1,1,0,22,144,0,0,16,1044,320,50,16,28,12
mpociot--teamwork,445,52,1,1,1,0,7,416,0,0,37,2152,557,84,43,64,21
MPOS--php-mpos,727,531,1,1,1,0,8,9720,0,0,543,54745,31214,820,987,1154,167
mrakodol--Laravel-5-Bootstrap-3-Starter-Site,910,468,1,1,1,0,3,3572,0,0,195,5358,2046,287,249,325,76
mrclay--minify,2087,344,1,1,1,0,32,696,0,0,90,5406,3619,50,93,108,15
MrRio--shellwrap,615,53,1,1,1,0,6,80,0,0,11,397,75,14,12,18,6
msgpack--msgpack-php,413,92,1,1,1,0,38,848,0,0,26,3891,382,8,154,158,4
mtdowling--cron-expression,943,159,1,1,0,0,17,144,0,0,22,1349,559,10,23,27,4
murtaugh--HTML5-Reset-WordPress-Theme,1063,287,1,1,1,0,11,436,0,0,32,2448,1036,22,42,49,7
mustangostang--spyc,395,143,1,1,1,0,10,172,0,0,18,2310,607,6,19,22,3
mvdbos--php-spider,597,125,1,1,0,1,3,792,0,0,88,5182,1569,178,110,149,39
mysql-workbench-schema-exporter--mysql-workbench-schema-exporter,435,128,1,1,1,0,12,560,0,0,74,4266,3826,62,79,97,18
nahid--talk,399,50,1,1,1,0,10,128,0,0,14,612,417,23,17,26,9
nategood--commando,418,49,1,1,1,0,22,164,0,0,15,1363,676,23,19,27,8
nategood--httpful,1174,245,1,1,0,0,66,284,0,0,29,1887,898,27,31,40,9
natsu90--dial2verify-twilio,429,23,1,1,1,0,2,436,0,0,43,905,354,78,51,78,27
NauxLiu--phphub-server,429,142,1,0,0,0,9,6968,0,0,169,5743,3575,184,1069,1125,56
Neeke--SeasLog,526,171,1,1,1,1,12,616,0,0,35,5991,1490,28,42,52,10
neitanod--forceutf8,791,215,1,1,1,0,6,64,7,0,5,438,63,10,8,12,4
nelmio--alice,1156,161,1,1,0,0,33,4784,0,11,751,35874,12195,1085,763,992,229
nelmio--NelmioApiDocBundle,1134,516,1,1,0,0,188,1552,0,0,124,15530,2710,124,141,183,42
nelmio--NelmioSecurityBundle,384,36,1,1,1,0,9,496,0,0,72,4547,552,54,74,95,21
nemoTyrant--manong,3310,813,1,1,1,0,0,3788,0,0,103,18175,96,2,103,104,1
NeonHorizon--berryio,672,101,1,1,1,0,0,2016,0,0,177,4888,1662,312,228,298,70
netputer--wechat-php-sdk,629,391,1,1,1,0,8,116,8,0,16,1110,540,6,18,21,3
nette--nette,1161,277,1,1,0,0,22,28,0,0,5,151,7,2,5,6,1
nette--tracy,648,117,1,1,0,1,19,396,0,0,43,3723,528,65,56,74,18
netz98--n98-magerun,1012,340,1,1,1,1,101,3508,0,0,388,27153,7373,1098,403,586,183
nexcess--magento-turpentine,450,228,1,1,1,0,101,892,0,0,61,6753,3479,353,71,125,54
nextcloud--server,819,124,1,1,1,0,403,59096,0,0,5504,690632,199205,5568,5968,6989,1021
nfephp-org--nfephp,565,616,1,1,1,1,7,11804,0,0,305,124869,8140,241,508,574,66
ngfw--Recipe,612,81,1,1,1,0,3,120,0,0,4,1887,456,7,6,9,3
nicolaslopezj--searchable,786,106,1,1,1,0,51,36,0,0,3,371,113,2,4,5,1
nicolopignatelli--valueobjects,382,57,1,1,0,1,8,680,0,0,129,4982,1411,89,131,161,30
nielse63--php-image-cache,384,77,1,1,1,1,10,8560,0,0,29,6100,598,61,64,84,20
nikic--FastRoute,1882,168,1,1,1,0,11,216,17,0,34,1405,267,26,36,45,9
nikic--iter,506,29,1,1,1,0,4,100,4,0,9,1229,688,4,11,13,2
nikic--PHP-Parser,2504,350,1,1,1,0,16,2632,226,8,258,16705,2822,236,426,480,54
nikic--scalar_objects,624,27,1,1,1,0,5,248,0,2,11,3377,224,6,27,30,3
niklasvh--php.js,650,79,1,1,1,1,26,6208,0,0,193,25491,3574,172,986,1035,49
nilsteampassnet--TeamPass,563,259,1,1,1,1,708,25296,0,0,643,142063,52169,870,1068,1234,166
nixsolutions--yandex-php-library,392,104,1,1,1,0,16,3468,0,0,524,37226,13558,414,534,620,86
noahbuscher--Macaw,582,117,1,1,0,0,5,40,0,0,4,229,34,2,7,8,1
noodlehaus--dispatch,464,96,1,1,1,0,3,16,0,0,2,174,15,0,3,3,0
noumo--easyii,456,233,1,1,1,0,94,2864,0,0,386,24623,933,714,397,576,179
nova-framework--framework,391,225,1,1,0,0,0,4032,0,0,204,31667,8711,1135,332,550,218
nrk--predis,3052,569,1,1,1,0,28,1588,0,0,293,11410,8887,90,295,322,27
Obox--layerswp,586,156,1,1,0,0,50,5272,0,0,150,37814,6990,142,274,312,38
Ocramius--ProxyManager,634,86,1,1,0,1,27,1160,0,0,159,5847,4441,242,165,215,50
octobercms--october,5238,1281,1,1,1,0,212,24896,0,0,1703,286868,45897,2786,1804,2310,506
olefredrik--FoundationPress,2068,766,1,1,1,0,46,1932,0,0,65,4172,692,50,127,143,16
ollieread--multiauth,409,127,1,1,1,0,7,96,0,0,14,543,255,27,16,23,7
oott123--bpcs_uploader,392,144,1,1,1,1,0,48,0,0,4,492,36,5,6,8,2
opauth--opauth,1494,247,1,1,1,0,36,148,0,0,12,1153,467,25,18,26,8
opencart--opencart,2915,2562,1,1,1,0,96,38100,0,0,2099,326689,17153,2082,2451,2785,334
openid--php-openid,675,254,1,1,1,0,51,1940,0,0,154,23972,6500,65,194,214,20
OpenMage--magento-mirror,399,307,1,0,1,0,3,4,0,0,,,,0,0,0,0
Openovate--eden,391,116,1,1,0,1,17,3048,0,0,368,30871,31949,214,372,421,49
opulencephp--Opulence,489,25,1,1,1,0,2,3032,0,0,473,17779,15069,1066,482,670,188
orangehill--iseed,506,86,1,1,1,0,21,260,0,0,10,2702,196,27,17,25,8
orangetw--My-CTF-Web-Challenges,573,93,1,1,1,0,0,42396,0,0,80,7705,958,344,200,270,70
orocrm--crm-application,516,152,1,0,0,0,1,920,0,0,45,4860,2420,63,66,84,18
orocrm--platform,418,216,1,1,1,0,126,102056,0,0,12786,926868,226902,44085,13162,18785,5623
orvice--ss-panel,2010,921,1,1,1,1,85,4408,0,0,140,4955,608,287,226,300,74
oscarotero--Embed,885,111,1,1,0,0,6,704,0,0,91,13046,2246,31,92,102,10
oscarotero--psr7-middlewares,426,38,1,1,1,0,4,380,0,0,73,4465,2370,11,74,78,4
osclass--Osclass,481,286,1,1,1,0,174,16000,0,0,837,113096,41375,1221,1260,1474,214
osTicket--osTicket,794,604,1,1,1,0,1489,18964,0,0,708,145476,31831,289,954,1032,78
overtrue--laravel-wechat,693,188,1,1,1,0,6,56,0,0,8,396,204,8,9,12,3
overtrue--pinyin,1186,298,1,1,0,1,0,1128,0,0,7,358,271,4,15,17,2
overtrue--wechat,3585,1050,1,1,1,0,13,900,0,0,139,5597,6065,91,162,191,29
Overv--Open.GL,559,154,1,1,1,0,6,3912,0,0,25,6202,1473,18,105,112,7
ovr--phpsa,549,34,1,1,1,0,69,2012,0,0,399,16873,5396,285,403,471,68
owncloud--core,4916,1588,1,1,1,0,1740,52008,0,0,5241,598461,170755,4585,5667,6480,813
owner888--phpspider,738,429,1,1,1,0,12,540,0,0,32,10243,4577,8,32,36,4
padraic--humbug,851,62,1,1,1,0,46,824,0,0,131,7017,2882,126,143,179,36
padraic--mockery,2076,258,1,1,0,0,106,1084,0,0,129,9466,4987,125,165,198,33
pagekit--pagekit,3788,442,1,1,0,0,115,8588,0,0,782,51150,10572,1690,998,1304,306
panique--huge,1862,795,1,1,1,0,37,712,0,0,72,3614,1607,77,79,103,24
panique--mini2,393,102,1,1,1,0,0,252,0,0,19,806,129,29,25,35,10
panique--mini,945,409,1,1,1,0,5,276,0,0,25,845,316,51,29,46,17
PANmedia--raptor-editor,516,142,1,1,1,1,48,4464,0,0,433,46166,4532,520,542,671,129
paquettg--php-html-parser,526,119,1,1,1,0,23,168,0,0,25,1602,1242,13,25,29,4
paragonie--awesome-appsec,2034,169,1,1,1,0,12,536,0,0,85,1013,83,142,87,126,39
paragonie--halite,485,26,1,1,1,0,3,868,19,55,110,6537,2522,63,112,132,20
paragonie--random_compat,377,48,1,1,1,0,5,96,0,0,13,573,627,6,16,19,3
ParsePlatform--parse-php-sdk,698,314,1,1,0,1,20,584,0,0,64,9359,2794,21,65,72,7
patricktalmadge--bootstrapper,510,120,1,1,1,0,8,492,0,0,71,3551,3112,29,72,80,8
patrikf--glip,455,111,1,1,0,0,5,168,0,2,8,698,376,4,13,15,2
pattern-lab--patternlab-php,3054,539,1,1,1,0,10,76,0,0,4,208,63,18,9,16,7
paulrobertlloyd--barebones,643,109,1,1,0,0,0,340,0,0,56,1986,108,19,65,73,8
paulund--wordpress-theme-customizer-custom-controls,432,117,1,1,1,0,17,388,0,0,14,653,157,14,18,24,6
Pawka--phrozn,482,71,1,1,1,1,32,1920,0,0,213,15386,5672,441,282,372,90
paypal--PayPal-PHP-SDK,924,505,1,1,1,1,27,4252,0,0,595,35427,20343,265,606,669,63
Payum--Payum,729,141,1,1,1,0,19,5784,0,0,872,47576,13528,1784,939,1212,273
pda--pheanstalk,1046,185,1,1,0,0,31,240,0,0,47,1616,1175,16,48,54,6
PeeHaa--OpCacheGUI,995,133,1,1,1,0,19,1716,63,0,101,5741,2719,165,127,171,44
peej--tonic,635,134,0,1,1,1,38,480,0,0,53,2862,1037,31,83,95,12
peteboere--css-crush,514,53,1,1,0,0,2,708,0,0,108,9202,1237,33,110,122,12
pfsense--pfsense,1094,555,1,0,1,0,31,19820,0,0,471,161854,22916,612,694,796,102
Ph3nol--NotificationPusher,789,190,1,1,1,0,46,284,0,7,43,1842,1012,74,45,62,17
phacility--arcanist,414,248,1,0,0,0,0,5616,0,0,430,39306,5510,1227,875,1070,195
phacility--phabricator,7743,1075,1,0,0,0,0,57188,0,0,6377,476931,40118,7608,7182,8711,1529
phacility--xhprof,1722,584,1,1,0,0,30,1428,0,0,31,7769,2469,42,55,71,16
phalcon--cphalcon,7344,1371,1,1,1,0,752,53692,0,0,1448,516800,52657,1826,2004,2416,412
PhalconEye--phalconeye,422,123,1,1,1,0,22,38400,0,0,2015,244714,80276,6677,4036,4920,884
phalcon--incubator,534,307,1,1,1,0,17,2156,0,0,254,20519,12217,544,262,375,113
phalcon--mvc,472,285,1,0,1,0,2,1612,0,0,125,3126,865,701,229,403,174
phalcon--phalcon-devtools,790,498,1,1,1,0,56,9172,0,0,883,82172,39602,1431,945,1229,284
phanan--koel,6634,603,1,1,1,0,28,3304,0,0,284,10801,4734,402,376,472,96
phansible--phansible,552,141,1,1,0,0,30,2888,0,0,153,7387,1074,330,192,261,69
phayes--geoPHP,475,157,1,1,1,1,60,1328,0,2,35,4302,781,18,71,78,7
philsturgeon--codeigniter-restclient,644,257,1,1,1,0,4,44,0,0,4,300,215,4,5,7,2
philsturgeon--codeigniter-template,395,184,1,1,1,0,25,208,0,0,15,1541,430,12,20,25,5
phingofficial--phing,693,250,1,1,0,0,83,4444,0,0,489,47551,42780,332,495,559,64
phoronix-test-suite--phoronix-test-suite,375,58,1,1,0,0,23,4504,0,0,453,61533,10613,225,511,569,58
php-ai--php-ml,895,69,1,1,1,0,0,2108,0,0,180,6491,1833,358,248,331,83
php-amqplib--php-amqplib,1353,442,1,1,1,0,105,560,0,0,55,7173,2823,30,57,67,10
php-amqplib--RabbitMqBundle,672,262,1,1,1,0,103,516,0,0,74,4976,674,55,76,96,20
phpbb--phpbb,927,561,1,0,0,0,41,24328,0,0,2097,315592,80656,2829,2458,2997,539
phpbench--phpbench,415,20,1,1,1,1,48,3052,0,0,322,19578,7793,667,367,515,148
php-curl-class--php-curl-class,1106,384,1,1,0,0,22,708,0,0,87,8851,1211,18,91,99,8
PHP-DI--PHP-DI,846,130,1,1,0,1,22,412,0,0,67,3091,1888,59,69,83,14
phpDocumentor--phpDocumentor2,1811,462,1,1,0,0,254,9260,0,0,540,47674,16846,1116,845,1036,191
PHP-FFMpeg--PHP-FFMpeg,1212,296,1,1,1,0,70,7024,0,0,246,26883,1940,292,265,323,58
phpfunct--funct,510,37,1,1,1,0,2,112,0,0,9,1649,856,2,10,11,1
PHPGangsta--GoogleAuthenticator,677,215,1,1,1,0,6,44,0,0,7,341,86,4,7,9,2
PHPIDS--PHPIDS,490,150,1,1,1,0,28,1596,0,0,86,25990,2696,51,91,107,16
PHPixie--Project,668,84,1,1,1,0,5,108,0,0,13,203,55,31,18,29,11
PHPMailer--PHPMailer,7361,4211,1,1,1,1,55,960,0,0,85,7009,3228,15,107,113,6
phpmetrics--PhpMetrics,905,116,1,1,1,1,21,5160,0,0,277,58692,39845,580,282,394,112
phpmyadmin--phpmyadmin,1906,1099,1,1,1,0,196,70636,333,43,1358,280131,119215,1078,2177,2385,208
PHPOffice--PHPExcel,7102,2422,1,1,1,0,572,9628,0,0,342,64536,41071,425,673,763,90
PHPOffice--PHPPresentation,488,191,1,1,0,1,91,39496,0,0,250,30121,14057,218,312,360,48
PHPOffice--PHPWord,1947,824,1,1,1,1,502,4904,0,0,408,26067,22035,302,471,538,67
php--php-langspec,2010,240,0,0,0,0,5,2276,0,0,54,11393,270,173,274,323,49
php-pm--php-pm,2614,146,1,1,1,0,18,276,0,0,23,1980,691,14,26,33,7
phpro--grumphp,1306,90,1,1,1,0,16,2052,56,48,317,15074,3849,379,328,416,88
php-school--cli-menu,659,32,1,1,1,0,5,184,0,0,25,1827,1098,25,26,35,9
phpseclib--phpseclib,1180,353,1,1,1,0,104,1444,0,0,45,19640,11971,52,49,64,15
phpservermon--phpservermon,626,279,1,1,1,0,68,4120,0,0,136,62245,20854,257,156,210,54
PHPSocialNetwork--phpfastcache,1284,329,1,1,1,1,1,4,0,0,,,,0,0,0,0
phpspec--phpspec,1082,211,1,1,1,0,92,2776,0,0,418,20199,8197,502,484,600,116
phpspec--prophecy,779,120,1,1,1,0,54,992,0,0,174,8062,2687,179,176,219,43
phpsysinfo--phpsysinfo,721,170,1,1,1,1,13,6316,0,0,298,61945,15306,696,727,919,192
phptodayorg--php-must-watch,2133,166,1,1,1,0,0,20,0,0,2,117,0,0,2,2,0
php-vcr--php-vcr,478,57,1,1,1,0,41,316,0,0,38,2292,1830,25,39,46,7
picocms--Pico,2422,460,1,1,1,1,11,300,0,0,22,2357,1462,24,30,39,9
pimcore--pimcore,595,305,1,1,0,0,93,215416,0,0,2772,653190,234666,6259,8222,9138,916
pingpong-labs--modules,426,144,1,1,0,0,71,440,0,0,58,3279,2293,42,80,97,17
piwik--device-detector,548,121,1,1,1,0,27,472,0,0,44,9291,1660,29,44,54,10
piwik--piwik,6245,1097,1,1,1,0,1411,53352,0,0,5137,428863,127093,3351,6581,7390,809
plainmade--unmark,884,117,1,1,1,0,33,6472,0,0,356,40863,23671,307,469,548,79
pmjones--adr,548,44,1,1,1,1,9,748,0,0,49,1586,12,44,71,83,12
PocketMine--PocketMine-MP,1162,723,1,1,0,0,146,4692,0,0,860,43412,22515,267,871,929,58
pods-framework--pods,577,183,1,1,1,0,1042,4996,0,0,208,62761,15247,246,290,350,60
Pomax--BezierInfo-2,390,43,1,1,1,1,25,7892,0,0,150,77562,647,312,335,427,92
Pomax--bezierinfo,463,56,1,1,1,1,11,892,0,0,15,14343,6533,5,17,19,2
Postleaf--postleaf,597,89,1,1,1,0,16,8,0,0,,,,0,1,1,0
Pr0x13--iDict,522,363,1,1,1,0,16,60,0,0,2,280,5,4,6,8,2
presscustomizr--hueman,385,159,1,1,1,0,168,10200,0,0,131,38884,8193,200,298,349,51
PrestaShop--PrestaShop,2065,2048,1,0,0,0,292,70984,0,0,2966,433640,106477,5837,6544,7587,1043
Program-O--Program-O,425,201,1,1,1,0,21,2812,0,0,93,17181,3802,107,400,434,34
propelorm--Propel2,880,261,1,1,1,0,216,7212,0,0,705,94027,32335,944,726,896,170
propelorm--Propel,811,364,1,1,0,1,285,6368,345,0,541,83978,35270,628,562,696,134
psecio--iniscan,1087,76,1,1,1,0,20,360,0,0,51,2779,1058,96,53,73,20
puli--repository,427,27,1,0,0,0,1,396,0,0,51,3629,3264,45,52,66,14
PushmanPHP--pushman,406,18,1,1,1,0,0,5076,0,0,406,23119,8665,497,460,566,106
pydio--pydio-core,616,246,1,1,1,0,49,53452,0,0,2410,325204,94791,6497,3798,4733,935
pyrocms--pyrocms,2380,881,1,1,1,0,45,648,0,0,80,1799,1656,166,102,155,53
q2a--question2answer,747,379,1,1,0,0,64,7248,0,0,508,45651,12285,361,747,824,77
QafooLabs--php-refactoring-browser,517,31,1,1,0,1,24,784,0,0,102,4839,1260,232,112,153,41
qandidate-labs--broadway,779,126,1,1,0,0,45,1360,78,0,207,8067,3411,307,210,280,70
qieangel2013--zys,424,187,1,1,1,0,0,4772,0,0,217,34825,10295,250,261,333,72
Quixotix--PHP-PayPal-IPN,412,219,1,1,1,0,27,44,0,0,3,293,204,4,6,8,2
RachidLaasri--LaravelInstaller,405,78,1,1,1,0,6,2376,0,0,43,1029,755,119,58,90,32
rackspace--php-opencloud,390,213,1,1,1,1,30,14280,0,675,885,73218,19088,1039,1398,1605,207
radiosilence--Ham,385,32,1,1,1,1,1,128,0,0,16,767,71,20,19,26,7
radishconcepts--WordPress-GitHub-Plugin-Updater,597,145,1,1,1,0,27,60,0,0,3,458,235,0,4,4,0
RainLoop--rainloop-webmail,1602,309,1,1,1,0,300,22236,0,0,1711,211395,73346,2567,2035,2454,419
ramsey--uuid,1927,162,1,1,1,0,12,320,0,0,50,1873,2074,36,51,62,11
rap2hpoutre--laravel-log-viewer,819,94,1,1,1,0,9,76,0,0,7,368,62,23,13,21,8
rappasoft--laravel-5-boilerplate,1724,545,1,1,1,0,8,16652,0,0,530,24444,6614,1149,584,823,239
ratchetphp--Ratchet,3207,398,1,1,0,0,48,664,0,0,96,4785,1686,189,98,139,41
raulfraile--ladybug,424,54,1,1,1,0,17,1368,0,17,192,5099,2149,235,220,269,49
raveren--kint,1661,193,1,1,1,1,37,284,0,0,35,3717,639,22,36,45,9
rcrowe--TwigBridge,571,106,1,1,1,0,61,220,0,0,34,1722,1257,41,35,47,12
rdlowrey--auryn,412,47,1,1,0,0,28,200,6,0,19,3086,318,7,20,23,3
ReactiveX--RxPHP,397,37,1,1,1,0,9,2472,114,0,311,25900,3803,267,405,487,82
reactjs--react-php-v8js,796,70,1,1,1,0,10,60,0,0,8,242,121,8,11,14,3
reactphp--promise,716,62,1,1,1,0,11,324,0,0,52,4097,248,22,54,62,8
reactphp--react,4539,455,1,1,1,0,42,784,0,0,21,538,36,10,28,33,5
recoilphp--recoil,394,15,1,1,0,0,8,344,0,0,47,2228,1777,17,48,54,6
reduxframework--redux-framework,1164,475,1,1,1,0,14,5648,0,0,313,39874,8551,519,406,514,108
Respect--Rest,552,105,1,1,1,1,24,560,0,0,73,4944,2462,91,76,99,23
Respect--Validation,3512,529,1,1,1,1,51,6416,0,0,1096,29980,13374,65,1371,1390,19
Retina-Images--Retina-Images,488,68,1,1,0,0,6,20,0,0,2,158,19,0,3,3,0
revive-adserver--revive-adserver,513,330,1,1,0,0,142,80588,0,0,3895,1309241,216014,5964,5790,6767,977
rgrove--jsmin-php,427,131,0,0,0,0,5,40,5,0,5,282,121,2,6,7,1
rilwis--meta-box,776,413,1,1,1,0,62,1288,0,0,169,5779,2826,41,214,229,15
rinvex--country,473,47,1,1,1,0,5,17168,0,0,955,2831,729,12,1212,1217,5
rinvex--repository,437,28,1,1,1,0,8,148,0,0,14,1295,882,22,15,23,8
rlerdorf--opcache-status,846,179,1,1,1,0,15,248,0,0,4,1129,17,0,5,5,0
rlerdorf--php7dev,1045,125,1,1,1,0,6,88,0,0,12,1092,27,2,14,15,1
rmccue--Requests,2280,332,1,1,0,1,50,900,0,0,99,6269,3465,70,102,123,21
Roave--SecurityAdvisories,455,16,1,1,1,0,2,20,0,0,2,145,0,0,3,3,0
robmorgan--phinx,2579,561,1,1,1,1,274,1404,0,0,119,15631,6209,220,152,199,47
rocketeers--rocketeer,2220,197,1,1,0,0,104,792,0,0,127,5593,5561,159,129,165,36
romanbican--roles,953,217,1,1,1,0,75,164,0,0,25,879,571,40,26,36,10
ronanguilloux--IsoCodes,418,49,1,1,1,0,15,460,0,0,85,3298,1229,14,87,92,5
roots--bedrock,3133,652,1,1,1,0,6,116,0,0,14,416,118,28,19,28,9
roots--sage,7738,2567,1,1,1,0,13,596,0,0,67,1962,327,68,78,98,20
roots--soil,634,124,1,1,1,0,9,88,0,0,15,609,167,4,16,18,2
RoumenDamianoff--laravel-sitemap,674,118,1,1,1,0,9,148,0,0,20,1442,357,24,21,29,8
roundcube--roundcubemail,1909,765,1,1,1,0,216,21040,0,0,1656,178794,41531,1433,2285,2621,336
RSS-Bridge--rss-bridge,518,115,1,1,1,0,9,800,0,0,150,10223,789,17,152,160,8
rtconner--laravel-tagging,410,106,1,1,0,0,15,4,0,0,,,,0,0,0,0
ruckus--ruckusing-migrations,464,91,1,1,1,0,25,628,0,0,50,7362,4050,101,58,83,25
ruflin--Elastica,1314,522,1,1,1,1,89,1176,0,0,192,10355,9582,119,194,222,28
ryancramerdesign--ProcessWire,771,270,1,1,1,0,430,23236,0,0,1035,114240,43111,1573,1578,1833,255
s4n7h0--xvwa,953,113,1,1,1,0,6,6096,0,0,328,24116,6493,954,704,815,111
salesagility--SuiteCRM,440,402,1,1,1,0,676,149088,0,0,6382,1185241,462082,9615,12224,14021,1797
SammyK--LaravelFacebookSdk,411,77,1,1,1,0,16,124,0,0,14,1236,235,10,16,20,4
schmittjoh--JMSSerializerBundle,578,239,1,1,0,0,170,232,0,0,17,1017,203,37,32,45,13
schmittjoh--php-option,470,26,1,1,0,0,11,112,0,0,13,1094,378,14,15,20,5
schmittjoh--serializer,538,395,1,1,0,0,234,2360,0,15,437,11977,5470,330,459,513,54
scotch-io--scotch-box,2228,476,1,1,1,0,49,48,0,0,2,698,7,2,3,4,1
scribu--wp-posts-to-posts,797,178,1,1,1,0,133,740,0,0,55,3457,183,16,106,113,7
sculpin--sculpin,1044,154,1,1,0,0,97,1300,0,0,181,6640,3960,480,189,274,85
sdebacker--TypiCMS,503,148,1,1,1,0,10,7876,0,0,702,27223,9704,2569,777,1218,441
sebastianbergmann--money,658,315,1,0,0,0,1,864,0,0,194,3639,3312,11,195,199,4
sebastianbergmann--php-code-coverage,654,200,0,1,1,0,49,1772,0,0,133,8499,2290,114,149,174,25
sebastianbergmann--phpcpd,1117,117,0,1,0,0,19,180,0,0,24,1348,560,27,29,39,10
sebastianbergmann--phploc,1006,107,0,1,0,0,10,252,0,0,34,2047,405,33,36,47,11
sebastianbergmann--phpunit,5549,1299,0,1,1,0,149,3204,0,0,375,25252,13007,315,507,579,72
sebastianfeldmann--phpbu,445,34,1,1,1,0,7,2244,0,61,347,17618,12659,393,380,469,89
seblucas--cops,468,122,1,1,1,0,44,7608,36,0,305,32447,4860,135,363,405,42
sebsauvage--Shaarli,519,188,1,1,1,1,119,876,0,0,29,3294,817,6,50,53,3
SegmentFault--HyperDown,531,119,1,1,1,0,12,104,2,0,4,982,270,2,6,7,1
sektioneins--pcc,427,62,1,1,1,0,2,88,0,0,2,1358,81,0,4,4,0
Seldaek--monolog,5386,1009,1,1,1,0,25,628,0,0,103,5973,4023,41,106,116,10
Seldaek--php-console,395,73,1,1,0,0,4,964,0,0,18,1821,712,31,38,48,10
sendgrid--sendgrid-php,567,268,1,1,0,0,36,708,9,0,43,9578,789,109,45,81,36
sendya--shadowsocks-panel,427,158,1,1,1,0,4,4252,0,0,163,18389,2826,238,204,252,48
sensiolabs-de--deptrac,454,27,1,1,1,0,20,832,0,0,92,4045,418,86,99,125,26
serbanghita--Mobile-Detect,6403,1744,1,1,1,1,168,176,0,0,7,1008,768,7,8,11,3
serghey-rodin--vesta,935,378,1,1,0,0,191,21244,7,0,854,85145,16143,3838,2755,3476,721
shaneharter--PHP-Daemon,646,120,1,1,1,1,39,488,0,0,45,4242,2215,45,58,73,15
shopware--shopware,534,371,1,0,0,0,118,4,0,0,,,,0,0,0,0
silexphp--Pimple,1368,230,1,1,0,0,8,256,0,0,14,1439,459,23,42,49,7
silexphp--Silex-Skeleton,712,212,1,1,0,0,4,136,0,0,17,208,10,26,23,34,11
silexphp--Silex,3332,681,1,1,1,0,22,1064,0,44,122,7481,2313,136,167,199,32
silvanmelchior--RPi_Cam_Web_Interface,409,197,1,1,1,0,103,1132,0,0,34,4688,398,51,63,80,17
silverstripe--silverstripe-cms,404,288,1,1,0,0,302,3080,0,0,299,42273,3828,224,328,384,56
silverstripe--silverstripe-framework,531,630,1,1,0,0,668,39176,0,0,2707,554871,81152,3212,3188,3742,554
simplebits--Pears,1528,204,1,1,1,0,30,268,0,0,26,1617,581,6,37,40,3
simplepie--simplepie,1053,290,1,1,0,0,112,804,0,0,39,13723,6060,50,44,57,13
SimpleRegex--SRL-PHP,1617,59,1,1,1,0,7,288,0,0,46,1927,718,35,47,59,12
simplethemes--skeleton_wp,1049,425,1,1,1,0,10,1048,0,0,41,5425,2132,20,58,65,7
simplethings--EntityAudit,414,161,1,1,1,0,66,680,0,0,101,4953,1598,135,103,130,27
simshaun--recurr,453,53,1,1,0,0,15,504,0,0,72,5863,1384,46,74,86,12
sjlu--CodeIgniter-Bootstrap,546,334,1,1,1,0,0,76,0,0,10,170,522,17,10,15,5
slimphp--Slim-Skeleton,496,170,1,1,1,0,3,88,0,0,13,186,56,13,15,21,6
slimphp--Slim,7305,1429,1,1,1,0,63,4,0,0,,,,0,0,0,0
smalot--pdfparser,547,180,1,1,1,0,67,888,0,0,52,4103,2476,52,61,73,12
smarty-php--smarty,825,309,1,1,1,0,32,1860,0,0,210,17775,11767,19,224,231,7
snc--SncRedisBundle,527,174,1,1,1,0,80,432,0,0,39,3687,1600,116,42,79,37
sofadesign--limonade,641,93,1,1,1,0,4,2188,0,0,46,3867,1465,83,68,93,25
solariumphp--solarium,561,206,1,1,0,1,73,3620,0,0,506,34262,26321,765,511,639,128
somerandomdude--Frank,1229,297,1,1,1,0,65,992,0,0,97,7148,822,54,124,144,20
sonata-project--SonataAdminBundle,1420,1024,1,1,0,0,282,16172,0,0,630,103307,27725,635,1819,1950,131
Sonerezh--sonerezh,550,82,1,1,1,0,95,16276,0,0,898,192792,87747,3068,1260,1707,447
sourcefabric--airtime,391,171,1,0,0,0,5,4,0,0,,,,0,0,0,0
spatie--activitylog,450,61,1,1,1,0,0,120,0,0,18,518,202,27,21,29,8
spatie--dashboard.spatie.be,463,83,1,1,1,1,0,1140,0,0,103,2271,1237,217,140,202,62
spatie--laravel-activitylog,440,71,1,1,1,0,6,104,0,0,16,697,101,15,18,24,6
spatie--laravel-analytics,739,105,1,1,1,1,5,92,0,0,16,682,80,8,16,19,3
spatie--laravel-backup,1195,123,1,1,1,0,8,296,0,0,55,2200,280,46,55,69,14
spatie--laravel-medialibrary,908,110,1,1,1,0,7,340,0,0,51,2421,1002,50,52,69,17
spatie--laravel-permission,677,95,1,1,1,0,5,144,0,0,20,913,354,24,21,30,9
spatie--regex,384,13,1,1,1,0,1,64,0,0,12,467,78,5,12,14,2
splitbrain--dokuwiki,1547,460,1,1,0,0,199,29864,0,0,1319,202402,64591,4011,4184,4906,722
squizlabs--PHP_CodeSniffer,2842,660,1,1,1,1,92,3352,0,0,377,32183,17405,695,381,505,124
SSilence--selfoss,1325,335,1,1,1,0,110,21220,0,0,225,47780,18858,206,346,407,61
sstalle--php7cc,814,31,1,1,1,0,4,404,0,0,78,2835,942,42,79,93,14
star7th--showdoc,965,391,1,1,1,0,9,9496,0,0,535,93485,12184,1170,619,823,204
stof--StofDoctrineExtensionsBundle,749,272,1,1,0,0,70,128,0,0,15,648,78,17,18,25,7
stripe--stripe-php,946,266,1,1,1,0,1,804,0,0,108,5410,1708,15,112,118,6
studio24--wordpress-multi-env-config,509,72,1,1,1,0,6,36,0,0,7,148,188,0,7,7,0
subtlepatterns--SubtlePatterns,3778,468,1,1,1,1,6,35096,0,0,3,99,0,0,323,323,0
sulu--sulu-standard,436,88,1,1,1,0,108,1556,0,0,71,12257,742,199,108,144,36
summerblue--laravel5-cheatsheet,491,86,1,1,1,1,1,4,0,0,,,,0,1,1,0
summerblue--phphub5,573,131,1,1,1,0,1,34948,0,0,2645,127204,13241,2942,3900,4284,384
summerblue--phphub,1751,568,1,1,1,0,20,9144,0,0,252,12045,6212,392,1175,1273,98
swiftmailer--swiftmailer,1745,542,1,1,0,0,346,2624,0,16,293,27254,10325,366,336,412,76
swoole--framework,1095,401,1,1,0,0,51,2428,0,2,361,31513,9185,223,370,430,60
syamilmj--Aqua-Resizer,381,163,1,1,1,0,44,24,0,0,3,205,71,0,3,3,0
syamilmj--Options-Framework,495,220,1,0,1,1,87,616,0,0,20,3192,519,34,72,83,11
Sybio--ImageWorkshop,721,159,1,1,0,0,16,1220,0,0,14,2321,1162,40,19,31,12
Sylius--Sylius,2502,934,1,1,1,0,552,38944,0,0,4998,188159,69412,12417,6108,7906,1798
symfony2admingenerator--AdmingeneratorGeneratorBundle,385,144,1,1,0,0,41,2728,0,0,336,16625,2203,378,383,487,104
symfony--symfony-demo,413,319,1,1,1,0,9,2964,0,0,88,3950,1786,224,149,206,57
symfony--symfony-docs,1160,2675,0,1,0,0,316,13108,0,0,19,915,200,258,695,786,91
symfony--symfony-standard,1381,1164,1,1,0,0,14,340,0,0,24,1450,295,50,37,54,17
symfony--symfony,13207,5100,0,1,0,0,794,40624,0,0,4867,497589,97854,7628,5467,6490,1023
symphonycms--symphony-2,508,192,1,1,1,1,138,3488,0,0,210,39905,20172,113,222,252,30
t0k4rt--phpqrcode,540,225,1,1,1,0,16,2080,0,0,21,6501,2133,35,427,440,13
talyssonoc--react-laravel,610,54,1,1,1,0,11,92,0,0,15,441,58,13,15,21,6
TankAuth--Tank-Auth,442,148,1,1,1,0,45,976,0,0,45,2440,901,93,54,80,26
Taskulu--deskulu,424,37,1,1,1,0,6,72232,0,0,3352,410590,229666,5366,5455,6287,832
teamtnt--tntsearch,701,58,1,1,1,0,4,668,0,0,40,2763,415,47,46,62,16
techcrunch--wp-async-task,549,44,1,1,1,0,9,72,0,0,8,587,183,9,10,13,3
TechEmpower--FrameworkBenchmarks,2411,812,1,1,1,0,119,157708,0,0,2574,221496,23631,10954,4174,5873,1699
technosophos--querypath,688,83,1,1,1,0,42,1424,31,0,97,20162,6688,56,114,132,18
tecnickcom--TCPDF,484,163,1,0,0,0,3,32116,0,0,229,51492,17538,47,376,393,17
tedious--Fetch,387,137,1,1,0,0,48,140,0,0,14,1335,757,14,16,21,5
tedious--JShrink,436,96,1,1,1,0,12,48,0,0,4,353,228,5,5,7,2
tedious--Stash,690,98,1,1,0,0,49,284,0,0,38,2550,1975,32,39,47,8
teepluss--laravel-theme,433,115,1,1,1,0,26,248,0,0,22,2052,1557,24,34,43,9
tencent-php--tsf,1356,361,1,1,1,0,19,564,0,0,57,3168,1205,111,61,90,29
tennc--webshell,1386,1074,1,1,1,1,0,80760,0,0,674,465817,18489,597,1514,1695,181
TGMPA--TGM-Plugin-Activation,1214,351,1,1,1,1,62,764,0,0,8,2641,1755,4,44,46,2
thebuggenie--thebuggenie,386,151,1,0,0,0,4,20628,0,0,871,153821,23573,746,1662,1835,173
the-control-group--voyager,661,80,1,1,1,1,48,24028,0,0,614,40227,3613,876,748,885,137
thelia--thelia,640,206,1,1,0,0,166,68628,0,0,3211,502847,252496,4564,4076,4787,711
themattharris--tmhOAuth,850,371,1,1,1,0,11,304,0,0,3,572,256,0,5,5,0
ThemeFuse--Unyson,616,137,1,1,0,0,111,10392,0,0,334,57756,9525,1187,408,610,202
Themekraft--_tk,417,181,1,1,1,0,15,2500,0,0,40,12398,832,35,83,93,10
themeskult--wp-svbtle,1487,250,1,1,1,0,27,2488,0,0,37,6704,2158,64,164,180,16
themosis--themosis,561,59,1,1,1,0,5,144,0,0,15,298,142,50,22,39,17
themsaid--laravel-langman,561,30,1,1,1,0,8,200,0,0,25,1865,551,15,27,33,6
thenbsp--wechat,490,176,1,1,1,0,3,360,0,0,69,2245,979,62,70,88,18
thephpleague--climate,1094,67,1,1,1,1,22,500,0,0,86,3529,3147,66,91,109,18
thephpleague--color-extractor,616,63,1,1,1,0,5,644,0,0,8,429,110,26,15,23,8
thephpleague--commonmark,750,55,1,1,0,1,11,732,0,0,112,7441,3536,53,113,129,16
thephpleague--csv,979,143,1,1,0,1,3,116,0,0,15,1032,1168,14,16,21,5
thephpleague--factory-muffin,380,46,1,1,0,1,12,144,0,0,26,786,1233,11,27,31,4
thephpleague--flysystem,3016,332,1,1,1,1,38,260,0,0,45,2442,1969,15,46,51,5
thephpleague--fractal,1577,220,1,1,0,1,57,136,0,0,20,1256,1539,11,21,25,4
thephpleague--geotools,712,65,1,1,0,1,19,440,0,0,62,3966,2243,74,64,85,21
thephpleague--glide,878,59,1,1,1,1,18,728,0,0,114,5570,934,84,121,147,26
thephpleague--html-to-markdown,480,97,1,1,0,0,15,148,0,0,28,1207,491,7,29,32,3
thephpleague--oauth2-client,1373,371,1,1,1,1,7,188,0,0,25,1336,1074,22,26,33,7
thephpleague--oauth2-server,2485,542,1,1,0,1,25,280,0,0,46,1890,1632,30,47,57,10
thephpleague--plates,603,73,1,1,1,1,42,100,0,0,16,807,602,8,18,21,3
thephpleague--shunt,444,34,1,1,1,0,6,216,0,0,32,1399,1057,55,36,48,12
thephpleague--skeleton,780,259,1,1,1,0,6,52,0,0,10,354,11,2,10,11,1
there4--markdown-resume,923,337,1,1,0,1,14,5396,0,0,39,3146,405,72,59,82,23
thiagoalessio--tesseract-ocr-for-php,637,186,1,1,0,0,0,156,0,0,6,404,225,6,14,17,3
ThinkUpLLC--ThinkUp,3410,789,1,1,1,1,191,19036,0,0,1063,145681,55289,994,1657,1852,195
TidalLabs--Slacker,453,29,1,1,1,0,10,84,0,0,4,1388,364,0,4,4,0
tightenco--jigsaw,479,52,1,1,1,1,19,220,0,0,36,1066,22,36,41,52,11
tightenco--mailthief,470,27,1,1,1,0,10,332,0,0,12,1029,35,13,13,18,5
tijsverkoyen--CssToInlineStyles,773,125,1,1,0,0,4,64,0,0,8,474,218,13,9,13,4
timber--timber,2884,273,1,1,1,1,123,4372,0,0,184,14503,3789,40,207,221,14
tinyspeck--hammock,384,70,1,1,1,0,6,1260,0,0,113,7613,3271,109,189,222,33
tlhunter--neoinvoice,386,102,1,1,1,0,2,27536,0,0,553,194941,31903,592,1009,1137,128
toddmotto--html5blank,1238,423,1,1,1,0,14,528,0,0,45,1807,377,45,78,91,13
tombenner--wp-mvc,416,138,1,1,0,1,5,764,0,0,99,6715,911,178,102,141,39
tommcfarlin--WordPress-Widget-Boilerplate,910,185,1,1,1,0,5,72,0,0,8,126,123,14,10,15,5
toplan--laravel-sms,413,90,1,1,1,0,11,208,0,0,16,1374,512,31,18,27,9
top-think--thinkphp,2278,1511,1,1,1,0,274,6728,0,0,340,52322,22265,322,380,444,64
top-think--think,1960,616,1,1,1,0,99,136,0,0,13,311,236,20,22,30,8
Torann--laravel-geoip,399,101,1,1,1,0,5,192,0,0,24,1277,673,29,27,38,11
tpyo--amazon-s3-php-class,840,325,1,1,0,0,61,112,0,0,7,1725,850,0,7,7,0
Trimidea--inews,727,162,1,1,1,0,30,856,0,0,114,5146,725,114,124,153,29
trippo--ResponsiveFilemanager,429,201,1,1,1,0,42,1912,0,0,59,14414,2588,59,227,246,19
trntv--yii2-starter-kit,720,396,1,1,1,0,44,2588,0,0,392,13613,3640,699,445,616,171
tschoffelen--PHP-PKPass,429,107,1,1,1,1,1,628,0,0,6,695,220,11,17,21,4
twigphp--Twig-extensions,500,235,1,1,0,0,61,288,23,7,40,1303,492,55,49,63,14
twigphp--Twig,3446,856,1,1,0,0,93,3336,412,91,259,14123,5348,483,619,706,87
twilio--OpenVBX,601,297,1,1,1,1,121,12580,0,0,744,74653,28999,502,1218,1344,126
twilio--twilio-php,761,345,1,1,1,1,45,4700,0,0,651,45195,27414,638,655,761,106
twittem--wp-bootstrap-navwalker,1833,911,1,1,1,1,60,40,0,0,2,212,74,0,3,3,0
twostairs--paperwork,5369,514,1,1,1,1,128,41392,0,0,569,50520,8672,1042,806,986,180
tylerhall--simple-php-framework,425,98,1,1,1,1,5,184,0,0,22,2624,216,2,25,26,1
tymondesigns--jwt-auth,2754,365,1,1,1,0,163,392,0,0,63,2301,1757,75,65,88,23
typecho--typecho,2577,799,1,1,0,0,137,4528,0,0,240,53238,22090,212,314,366,52
TYPO3--TYPO3.CMS,407,190,1,0,0,0,5,88260,0,0,5602,430885,192454,14582,8839,10812,1973
unicodeveloper--laravel-hackathon-starter,1088,141,1,1,1,0,2,1008,0,0,125,4280,1583,160,149,197,48
UnionOfRAD--lithium,1051,253,1,1,1,0,38,5112,37,0,489,63602,24789,901,494,689,195
UpThemes--UpThemes-Framework,379,104,1,1,1,1,6,164,0,0,10,1038,730,11,20,25,5
userfrosting--UserFrosting,622,228,1,1,1,1,66,23596,0,0,1853,166698,65456,2827,2657,3057,400
ushahidi--Ushahidi_Web,870,646,1,1,0,0,227,19228,0,0,1442,170550,54577,1927,2099,2467,368
usmanhalalit--pixie,404,108,1,1,1,0,38,204,0,0,27,2171,844,23,28,35,7
valendesigns--option-tree,465,150,1,1,1,0,102,1816,0,0,21,13064,4421,34,41,52,11
vanilla--vanilla,1564,596,1,1,0,0,365,28392,0,0,1124,236253,65295,1028,1789,2031,242
varspool--Wrench,415,314,1,1,1,0,16,820,0,67,80,4737,2515,134,135,167,32
VentureCraft--revisionable,1028,164,1,1,0,0,45,92,0,0,8,952,459,12,9,13,4
VerbalExpressions--PHPVerbalExpressions,1881,127,1,1,1,0,1,68,0,0,6,728,347,4,8,10,2
versionpress--versionpress,1078,64,1,1,1,0,118,4156,0,0,356,31654,8627,628,517,639,122
victorstanciu--Wikitten,465,104,1,1,1,0,29,1788,0,0,41,4878,1141,39,57,71,14
vinkla--laravel-hashids,556,40,1,1,0,0,0,44,0,0,6,181,173,7,7,10,3
virtphp--virtphp,446,33,1,1,1,0,21,560,0,0,60,5619,3087,59,63,79,16
VisualPHPUnit--VisualPHPUnit,857,153,1,1,1,1,7,344,0,0,47,2505,856,69,50,72,22
vlucas--phpdotenv,2843,207,1,1,0,0,14,60,0,0,9,333,299,5,10,12,2
vlucas--spot2,411,67,1,1,1,0,51,312,0,0,32,3512,2231,18,33,39,6
vlucas--valitron,737,139,1,1,1,0,26,248,0,0,36,2941,504,12,37,42,5
volio--AnotherLive,483,87,1,1,1,0,0,1676,0,0,135,5934,1666,235,155,219,64
vrana--adminer,1826,361,0,0,1,0,52,2004,0,0,182,30297,2517,90,193,225,32
vrana--notorm,716,157,0,1,1,0,36,248,0,0,11,1254,323,4,51,53,2
Vuedo--vuedo,749,156,1,1,1,0,3,3412,0,0,149,19752,10443,263,194,265,71
walkor--phpsocket.io,450,112,1,1,1,0,10,580,0,0,44,8226,2943,56,45,61,16
walkor--shadowsocks-php,379,131,1,1,1,0,0,324,0,0,29,4150,2118,23,32,40,8
walkor--Workerman,3226,1030,1,1,1,0,8,300,0,0,26,4146,2320,14,28,34,6
wallabag--wallabag,2264,350,1,1,0,0,243,23472,0,0,358,27800,4997,1087,603,806,203
wardrobecms--wardrobe,747,132,1,1,1,0,15,392,0,0,47,948,1158,113,70,102,32
wealthbot-io--wealthbot,502,84,1,1,1,0,16,42652,0,0,3865,287708,56026,7933,4714,5774,1060
WebDevStudios--CMB2,1393,341,1,1,1,0,155,3408,0,0,81,12614,5938,26,346,356,10
WebDevStudios--Custom-Metaboxes-and-Fields-for-WordPress,1866,452,1,0,1,0,217,472,0,0,23,5183,1501,22,37,45,8
webonyx--graphql-php,466,37,1,1,1,0,7,2028,0,0,253,30426,6243,109,258,289,31
webpatser--laravel-uuid,394,43,1,1,1,0,7,72,0,0,7,473,218,18,8,14,6
webtechnick--CakePHP-Facebook-Plugin,482,159,1,1,1,0,69,504,0,0,15,1984,1309,47,22,39,17
welaika--wordless,1122,83,1,1,1,1,7,4724,0,0,404,42593,18805,841,510,629,119
WhatCD--Gazelle,1142,168,1,1,1,1,30,15792,0,0,719,101662,7970,478,1443,1571,128
WhichBrowser--Parser,1033,141,1,1,0,0,3,6968,0,0,360,71649,905,131,361,397,36
WhiteHouse--fb_messenger_bot,453,114,1,0,0,0,3,388,0,0,54,2778,2033,71,54,76,22
whiteoctober--Pagerfanta,610,136,1,1,1,0,43,248,0,0,47,2018,1194,22,48,54,6
wikimedia--mediawiki,692,350,0,0,0,0,0,113304,0,0,4400,1272788,209694,1565,7063,7425,362
willdurand--EmailReplyParser,402,41,1,1,0,1,5,188,0,0,12,714,171,26,34,42,8
willdurand--Hateoas,701,106,1,1,0,1,34,768,0,0,120,6670,1523,215,123,167,44
wimg--PHPCompatibility,540,100,1,1,1,0,23,1344,0,0,204,15460,6819,28,204,213,9
Wisembly--elephant.io,829,218,1,1,1,1,28,252,5,0,36,1286,441,58,42,58,16
Wixel--GUMP,707,219,1,1,1,0,68,164,0,0,21,1947,806,2,22,23,1
woocommerce--woocommerce,2963,2494,1,1,1,1,65,11552,0,0,817,140465,50666,466,905,1028,123
wordplate--wordplate,435,33,1,1,0,0,0,152,0,0,14,434,148,31,24,33,9
WordPress-Coding-Standards--WordPress-Coding-Standards,800,152,1,1,1,0,90,1008,0,0,125,7225,4768,122,160,194,34
WordPress--WordPress,8182,4262,1,0,0,0,19,30800,0,0,1382,327091,141064,751,1697,1857,160
WP-API--WP-API,3627,673,1,1,0,0,77,484,0,0,36,7563,2335,11,38,43,5
wp-cli--php-cli-tools,467,86,1,1,0,0,20,256,0,0,42,2174,1422,29,43,52,9
wp-cli--wp-cli,2994,601,1,1,1,0,25,2104,0,0,177,16544,11375,48,280,297,17
WPO-Foundation--webpagetest,1200,324,1,1,1,0,231,269992,0,0,5665,1333121,390679,7871,7234,8379,1145
wsdl2phpgenerator--wsdl2phpgenerator,489,159,1,1,0,1,61,1708,0,0,71,19250,2348,103,88,114,26
xdebug--xdebug,959,254,1,0,0,0,8,3988,0,0,182,25294,3922,14,693,699,6
Xeoncross--micromvc,654,136,1,1,1,1,25,308,0,0,35,1120,639,54,55,75,20
Xethron--migrations-generator,931,186,1,1,1,0,28,124,0,0,17,938,396,28,18,26,8
xtr4nge--FruityWifi,729,249,1,1,1,0,15,3508,0,0,125,47648,13776,135,162,191,29
YABhq--Laracogs,558,51,1,1,1,0,0,2700,0,0,216,17401,2486,821,232,365,133
YahnisElsts--plugin-update-checker,432,93,1,1,1,0,7,256,0,0,11,3951,994,8,21,25,4
yajra--laravel-datatables,977,230,1,1,1,1,77,224,0,0,24,2500,1549,30,24,34,10
yandod--candycane,532,151,1,1,1,1,36,18996,0,0,1031,199849,91738,3614,1794,2355,561
yccphp--laravel-5-blog,576,182,1,1,1,0,3,9208,0,0,399,60105,10624,681,690,820,130
Yelp--yelp-api,562,1191,1,1,1,0,15,532,0,0,29,1362,612,88,53,77,24
yiisoft--yii2-app-advanced,521,615,1,1,1,0,6,980,0,0,102,2703,648,310,156,241,85
yiisoft--yii2,8994,5230,1,1,1,0,864,5396,0,0,470,47727,39282,348,478,572,94
yiisoft--yii,4684,2023,1,1,1,0,350,32092,0,0,1859,744600,61915,1831,2196,2564,368
Yoast--wordpress-seo,700,414,1,1,1,0,721,26780,0,0,520,154292,69275,182,616,668,52
yohang--Finite,794,118,1,1,0,1,37,576,0,0,76,3988,1509,190,84,125,41
YOURLS--YOURLS,2684,650,1,1,1,0,88,5036,0,0,150,14646,8038,130,456,491,35
youzan--zan,659,147,1,1,1,0,7,2696,151,2,412,18820,10510,644,459,600,141
yupe--yupe,546,292,1,1,1,0,43,15832,0,0,1517,118639,40993,4943,1707,2560,853
yzalis--Identicon,386,68,1,1,1,1,4,52,0,0,7,370,244,9,8,11,3
zencoder--html5-boilerplate-for-wordpress,626,136,1,1,0,0,17,356,0,0,25,1387,388,17,32,38,6
zendframework--zend-expressive,444,110,1,1,0,1,57,316,0,0,29,1919,1218,15,30,35,5
zendframework--ZendSkeletonApplication,1540,1655,1,1,1,0,15,2008,0,0,26,9690,452,76,52,73,21
zfcampus--zf-apigility-skeleton,452,133,1,1,1,0,13,376,0,0,22,678,105,72,39,59,20
ZF-Commons--ZfcUser,540,402,1,1,1,1,46,940,0,0,115,5967,2068,257,137,198,61
zircote--swagger-php,925,209,1,1,0,1,27,684,0,0,111,5687,3106,58,114,132,18
Zizaco--confide,1275,305,1,1,1,0,42,396,0,0,55,2751,1006,132,55,90,35
Zizaco--entrust,3624,814,1,1,1,0,291,212,0,0,19,807,661,30,21,30,9
ZoneMinder--ZoneMinder,960,422,1,1,1,1,183,43396,0,0,4281,389068,188645,4834,5108,5716,608
zynga--zperfmon,440,100,1,1,1,0,4,5852,0,0,232,42536,13330,198,307,359,52
